{
  "JsonVersioningDetails": {
    "FileName": "IvrAuthoFlagConfig.json",
    "Location": "AdminModules",
    "Version": "4.1.12.30",
    "LastModifiedDateTime": "30-11-2020 10:00:00 PM",
    "LastModifiedBy": "Sonal",
    "Description": "Moved from ocm to ocm_custom"
  },
  "Name": "IvrAuthoFlagConfig",
  "DisplayName": "Autho Flag Config",
  "FormGroup": 2,
  "MakerChecker": false, //keep always false, as maker-checker functionality is not included
  "ConfigKey": "",
  "GridColumns": [
    {
      "Title": "Id",
      "PropertyName": "Id",
      "Editable": false,
      "ColumnWidth": "col-lg-8",
      "ID": "",
      "FormGroup": 2,
      "Hidden": true,
      "Width": 150,
      "Encoded": false,
      "ClientTemplate": "",
      "DateFormat": "",
      "ConfigProperty": "",
      "Mandatory": true,
      "IncludeGrid": true,
      "FieldType": "",
      "Maxlength": "",
      "IsDuplicateAllowed": false
    },
    {
      "Title": "Parameter",
      "PropertyName": "Parameter",
      "Editable": true,
      "ColumnWidth": "col-lg-8",
      "ID": "",
      "FormGroup": 2,
      "Hidden": false,
      "Width": 100,
      "Encoded": false,
      "ClientTemplate": "",
      "DateFormat": "",
      "ConfigProperty": "",
      "IncludeGrid": false,
      "Mandatory": true,
      "FieldType": "DropDown",
      "Maxlength": "",
      "DropDownList": {
        "Action": "GetParameters",
        "Controller": "IvrAuthoFlagConfig",
        "AutoBind": true,
        "Event": "empty",
        "DataParameter": "sendAntiForgeryToken",
        "ServerOperation": true,
        "Enable": true,
        "CascadeFrom": ""
      },
      "IsDuplicateAllowed": false,
      "IsSearchable": true,
      "SearchOperator": "contains"

    },
    {
      "Title": "Value",
      "PropertyName": "Value",
      "Editable": true,
      "ColumnWidth": "col-lg-8",
      "ID": "",
      "FormGroup": 2,
      "Hidden": false,
      "Width": 100,
      "Encoded": false,
      "ClientTemplate": "",
      "DateFormat": "",
      "ConfigProperty": "",
      "IncludeGrid": false,
      "Mandatory": true,
      "FieldType": "DropDown",
      "Maxlength": "",
      "DropDownList": {
        "Action": "GetOnOff",
        "Controller": "Generic",
        "AutoBind": true,
        "Event": "empty",
        "DataParameter": "sendAntiForgeryToken",
        "ServerOperation": true,
        "Enable": true,
        "CascadeFrom": ""
      },
      "IsDuplicateAllowed": true,
      "IsSearchable": true,
      "SearchOperator": "contains"

    },
    {
      "Title": "Last Changed By",
      "PropertyName": "LastChangedBy",
      "Editable": true,
      "ColumnWidth": "col-lg-8",
      "ID": "",
      "FormGroup": 2,
      "Hidden": false,
      "Width": 150,
      "Encoded": false,
      "ClientTemplate": "",
      "DateFormat": "",
      "ConfigProperty": "",
      "IncludeGrid": true,
      "Mandatory": false,
      "FieldType": "",
      "FieldRows": "",
      "Maxlength": "",
      "OnKeyUpEvent": "",
      "OnMouseOutEvent": "",
      "IsDuplicateAllowed": true
    },
    {
      "Title": "Last Changed On",
      "PropertyName": "LastChangedOn",
      "Editable": true,
      "ColumnWidth": "col-lg-8",
      "ID": "",
      "FormGroup": 2,
      "Hidden": false,
      "Width": 150,
      "Encoded": false,
      "ClientTemplate": "#= checkGridDateTime(LastChangedOn)#",
      "DateFormat": "{0: dd/MM/yyyy HH:mm:ss}",
      "ConfigProperty": "",
      "IncludeGrid": true,
      "Mandatory": false,
      "FieldType": "",
      "FieldRows": "",
      "Maxlength": "",
      "OnKeyUpEvent": "",
      "OnMouseOutEvent": "",
      "IsDuplicateAllowed": true
    }
  ]
}