{
  "JsonVersioningDetails": {
    "FileName": "IvrBranchDetails.json",
    "Location": "AdminModules",
    "Version": "4.1.12.30",
    "LastModifiedDateTime": "30-11-2020 10:00:00 PM",
    "LastModifiedBy": "Sonal",
    "Description": "Moved from ocm to ocm_custom"
  },
  "Name": "IvrBranchDetails",
  "DisplayName": "Branch Details",
  "FormGroup": 2,
  "MakerChecker": false,
  "ConfigKey": "",
  "GridColumns": [
    {
      "Title": "Branch Code",
      "PropertyName": "BranchCode",
      "Editable": true,
      "ColumnWidth": "col-lg-9",
      "ID": "mainTab",
      "FormGroup": 2,
      "Hidden": false,
      "Width": 150,
      "Encoded": false,
      "ClientTemplate": "",
      "DateFormat": "",
      "ConfigProperty": "",
      "Mandatory": true,
      "IncludeGrid": false,
      "FieldType": "Text",
      "Maxlength": "4",
      "IsDuplicateAllowed": false,
      "IsSearchable": true,
      "SearchOperator": "contains"
    },
    {
      "Title": "Branch Name",
      "PropertyName": "BranchName",
      "Editable": true,
      "ColumnWidth": "col-lg-9",
      "ID": "mainTab",
      "FormGroup": 2,
      "Hidden": false,
      "Width": 150,
      "Encoded": false,
      "ClientTemplate": "",
      "DateFormat": "",
      "ConfigProperty": "",
      "Mandatory": true,
      "IncludeGrid": false,
      "FieldType": "Text",
      "Maxlength": "20",
      "IsDuplicateAllowed": true,
      "IsSearchable": true,
      "SearchOperator": "contains"
    },
    {
      "Title": "Location",
      "PropertyName": "Location",
      "Editable": true,
      "ColumnWidth": "col-lg-6",
      "ID": "mainTab",
      "FormGroup": 2,
      "Hidden": false,
      "Width": 150,
      "Encoded": false,
      "ClientTemplate": "",
      "DateFormat": "",
      "ConfigProperty": "",
      "Mandatory": true,
      "IncludeGrid": false,
      "FieldType": "DropDown",
      "Maxlength": "",
      "DropDownList": {
        "Action": "GetBranchDetailsLocation",
        "Controller": "IvrBranchDetails",
        "AutoBind": true,
        "Event": "empty",
        "DataParameter": "sendAntiForgeryToken",
        "ServerOperation": true,
        "Enable": true,
        "CascadeFrom": ""
      },
      "IsDuplicateAllowed": true,
      "IsSearchable": true,
      "SearchOperator": "contains"
    },
    {
      "Title": "Address Text",
      "PropertyName": "AddressText",
      "Editable": true,
      "ColumnWidth": "col-lg-9",
      "ID": "mainTab",
      "FormGroup": 2,
      "Hidden": false,
      "Width": 150,
      "Encoded": false,
      "ClientTemplate": "",
      "DateFormat": "",
      "ConfigProperty": "",
      "Mandatory": true,
      "IncludeGrid": false,
      "FieldType": "Text",
      "Maxlength": "20",
      "IsDuplicateAllowed": true,
      "IsSearchable": true,
      "SearchOperator": "contains"
    },
    {
      "Title": "Language",
      "PropertyName": "Language",
      "Editable": true,
      "ColumnWidth": "col-lg-6",
      "ID": "mainTab",
      "FormGroup": 2,
      "Hidden": false,
      "Width": 150,
      "Encoded": false,
      "ClientTemplate": "",
      "DateFormat": "",
      "ConfigProperty": "",
      "Mandatory": true,
      "IncludeGrid": false,
      "FieldType": "DropDown",
      "Maxlength": "",
      "DropDownList": {
        "Action": "GetLanguage",
        "Controller": "Generic",
        "AutoBind": true,
        "Event": "empty",
        "DataParameter": "sendAntiForgeryToken",
        "ServerOperation": true,
        "Enable": true,
        "CascadeFrom": ""
      },
      "IsDuplicateAllowed": true,
      "IsSearchable": true,
      "SearchOperator": "contains"
    },
    {
      "Title": "Status",
      "PropertyName": "Status",
      "Editable": true,
      "ColumnWidth": "col-lg-6",
      "ID": "mainTab",
      "FormGroup": 2,
      "Hidden": false,
      "Width": 150,
      "Encoded": false,
      "ClientTemplate": "",
      "DateFormat": "",
      "ConfigProperty": "",
      "IncludeGrid": true,
      "Mandatory": true,
      "FieldType": "DropDown",
      "Maxlength": "",
      "DropDownList": {
        "Action": "GetEnableDisable",
        "Controller": "Generic",
        "AutoBind": true,
        "Event": "empty",
        "DataParameter": "sendAntiForgeryToken",
        "ServerOperation": true,
        "Enable": true,
        "CascadeFrom": ""
      },
      "IsDuplicateAllowed": true
    },
    {
      "Title": "Branch Wav file",
      "PropertyName": "BranchWavfile",
      "Editable": true,
      "Width": 150,
      "ID": "waveTab",
      "Encoded": false,
      "ClientTemplate": "#=BranchWavfileTag#",
      "FieldType": "Upload",
      "ColumnWidth": "col-lg-5",
      "FormGroup": 2,
      "Hidden": false,
      "IncludeGrid": false,
      "Mandatory": true,
      "WaveFile": {
        "Id": "BranchWavfile1",
        "Name": "waveFileTag",
        "SelectEventName": "attachClickHandlerforBranch",
        "UploadEventName": "onWavFileUpload",
        "RemoveEventName": "attachRemoveHandlerforBranch",
        "SaveAction": "SaveToChecker", //if makerchecker is false change it to SaveToChecker
        "RemoveAction": "Remove",
        "SaveController": "FileUpload",
        "RemoveController": "FileUpload",
        "DisplayTag": "BranchWavfileTag",
        "Validation": [ ".wav" ]
      }
    },
    {
      "Title": "Address Wav file",
      "PropertyName": "AddressWavfile",
      "Editable": true,
      "Width": 150,
      "ID": "waveTab",
      "Encoded": false,
      "ClientTemplate": "#=AddressWavfileTag#",
      "FieldType": "Upload",
      "ColumnWidth": "col-lg-5",
      "FormGroup": 2,
      "Hidden": false,
      "IncludeGrid": false,
      "Mandatory": true,
      "WaveFile": {
        "Id": "AddressWavfile1",
        "Name": "waveFileTag",
        "SelectEventName": "attachClickHandlerforAddress",
        "UploadEventName": "onWavFileUpload",
        "RemoveEventName": "attachRemoveHandlerforAddress",
        "SaveAction": "SaveToChecker", //if makerchecker is false change it to SaveToChecker
        "RemoveAction": "Remove",
        "SaveController": "FileUpload",
        "RemoveController": "FileUpload",
        "DisplayTag": "AddressWavfileTag",
        "Validation": [ ".wav" ]
      }
    },
    {
      "Title": "Operating Hour Wav file",
      "PropertyName": "OperatinghourWavfile",
      "Editable": true,
      "Width": 150,
      "ID": "waveTab",
      "Encoded": false,
      "ClientTemplate": "#=OperatinghourWavfileTag#",
      "FieldType": "Upload",
      "ColumnWidth": "col-lg-5",
      "FormGroup": 2,
      "Hidden": true,
      "IncludeGrid": false,
      "Mandatory": true,
      "WaveFile": {
        "Id": "OperatinghourWavfile1",
        "Name": "waveFileTag",
        "SelectEventName": "attachClickHandlerforOperatingHours",
        "UploadEventName": "onWavFileUpload",
        "RemoveEventName": "attachRemoveHandlerforOperatingHours",
        "SaveAction": "SaveToChecker", //if makerchecker is false change it to SaveToChecker
        "RemoveAction": "Remove",
        "SaveController": "FileUpload",
        "RemoveController": "FileUpload",
        "DisplayTag": "OperatinghourWavfileTag",
        "Validation": [ ".wav" ]
      }
    },
    {
      "Title": "Synonym One",
      "PropertyName": "SynonymOne",
      "Editable": true,
      "ColumnWidth": "col-lg-6",
      "ID": "synonymTab",
      "FormGroup": 2,
      "Hidden": true,
      "Width": 150,
      "Encoded": false,
      "ClientTemplate": "",
      "DateFormat": "",
      "ConfigProperty": "",
      "IncludeGrid": true,
      "Mandatory": false,
      "FieldType": "Text",
      "Maxlength": "",
      "IsDuplicateAllowed": true
    },
    {
      "Title": "Synonym Two",
      "PropertyName": "SynonymTwo",
      "Editable": true,
      "ColumnWidth": "col-lg-6",
      "ID": "synonymTab",
      "FormGroup": 2,
      "Hidden": true,
      "Width": 150,
      "Encoded": false,
      "ClientTemplate": "",
      "DateFormat": "",
      "ConfigProperty": "",
      "IncludeGrid": true,
      "Mandatory": false,
      "FieldType": "Text",
      "Maxlength": "",
      "IsDuplicateAllowed": true
    },
    {
      "Title": "Synonym Three",
      "PropertyName": "SynonymThree",
      "Editable": true,
      "ColumnWidth": "col-lg-6",
      "ID": "synonymTab",
      "FormGroup": 2,
      "Hidden": true,
      "Width": 150,
      "Encoded": false,
      "ClientTemplate": "",
      "DateFormat": "",
      "ConfigProperty": "",
      "IncludeGrid": true,
      "Mandatory": false,
      "FieldType": "Text",
      "Maxlength": "",
      "IsDuplicateAllowed": true
    },
    {
      "Title": "Synonym Four",
      "PropertyName": "SynonymFour",
      "Editable": true,
      "ColumnWidth": "col-lg-6",
      "ID": "synonymTab",
      "FormGroup": 2,
      "Hidden": true,
      "Width": 150,
      "Encoded": false,
      "ClientTemplate": "",
      "DateFormat": "",
      "ConfigProperty": "",
      "IncludeGrid": true,
      "Mandatory": false,
      "FieldType": "Text",
      "Maxlength": "",
      "IsDuplicateAllowed": true
    },
    {
      "Title": "Synonym Five",
      "PropertyName": "SynonymFive",
      "Editable": true,
      "ColumnWidth": "col-lg-6",
      "ID": "synonymTab",
      "FormGroup": 2,
      "Hidden": true,
      "Width": 150,
      "Encoded": false,
      "ClientTemplate": "",
      "DateFormat": "",
      "ConfigProperty": "",
      "IncludeGrid": true,
      "Mandatory": false,
      "FieldType": "Text",
      "Maxlength": "",
      "IsDuplicateAllowed": true
    },
    {
      "Title": "Synonym Six",
      "PropertyName": "SynonymSix",
      "Editable": true,
      "ColumnWidth": "col-lg-6",
      "ID": "synonymTab",
      "FormGroup": 2,
      "Hidden": true,
      "Width": 150,
      "Encoded": false,
      "ClientTemplate": "",
      "DateFormat": "",
      "ConfigProperty": "",
      "IncludeGrid": true,
      "Mandatory": false,
      "FieldType": "Text",
      "Maxlength": "",
      "IsDuplicateAllowed": true
    },
    {
      "Title": "Synonym Seven",
      "PropertyName": "SynonymSeven",
      "Editable": true,
      "ColumnWidth": "col-lg-6",
      "ID": "synonymTab",
      "FormGroup": 2,
      "Hidden": true,
      "Width": 150,
      "Encoded": false,
      "ClientTemplate": "",
      "DateFormat": "",
      "ConfigProperty": "",
      "IncludeGrid": true,
      "Mandatory": false,
      "FieldType": "Text",
      "Maxlength": "",
      "IsDuplicateAllowed": true
    },
    {
      "Title": "Synonym Eight",
      "PropertyName": "SynonymEight",
      "Editable": true,
      "ColumnWidth": "col-lg-6",
      "ID": "synonymTab",
      "FormGroup": 2,
      "Hidden": true,
      "Width": 150,
      "Encoded": false,
      "ClientTemplate": "",
      "DateFormat": "",
      "ConfigProperty": "",
      "IncludeGrid": true,
      "Mandatory": false,
      "FieldType": "Text",
      "Maxlength": "",
      "IsDuplicateAllowed": true
    },
    {
      "Title": "Synonym Nine",
      "PropertyName": "SynonymNine",
      "Editable": true,
      "ColumnWidth": "col-lg-6",
      "ID": "synonymTab",
      "FormGroup": 2,
      "Hidden": true,
      "Width": 150,
      "Encoded": false,
      "ClientTemplate": "",
      "DateFormat": "",
      "ConfigProperty": "",
      "IncludeGrid": true,
      "Mandatory": false,
      "FieldType": "Text",
      "Maxlength": "",
      "IsDuplicateAllowed": true
    },
    {
      "Title": "Synonym Ten",
      "PropertyName": "SynonymTen",
      "Editable": true,
      "ColumnWidth": "col-lg-6",
      "ID": "synonymTab",
      "FormGroup": 2,
      "Hidden": true,
      "Width": 150,
      "Encoded": false,
      "ClientTemplate": "",
      "DateFormat": "",
      "ConfigProperty": "",
      "IncludeGrid": true,
      "Mandatory": false,
      "FieldType": "Text",
      "Maxlength": "",
      "IsDuplicateAllowed": true
    },
    {
      "Title": "Last Changed By",
      "PropertyName": "LastChangedBy",
      "Editable": true,
      "ColumnWidth": "col-lg-6",
      "ID": "",
      "FormGroup": 2,
      "Hidden": false,
      "Width": 160,
      "Encoded": false,
      "ClientTemplate": "",
      "DateFormat": "",
      "ConfigProperty": "",
      "IncludeGrid": false,
      "Mandatory": false,
      "FieldType": "",
      "Maxlength": "",
      "IsDuplicateAllowed": true
    },
    {
      "Title": "Last Changed On",
      "PropertyName": "LastChangedOn",
      "Editable": true,
      "ColumnWidth": "col-lg-6",
      "ID": "",
      "FormGroup": 2,
      "Hidden": false,
      "Width": 170,
      "Encoded": false,
      "ClientTemplate": "#= checkGridDateTime(LastChangedOn)#",
      "DateFormat": "{0: dd/MM/yyyy HH:mm:ss}",
      "ConfigProperty": "",
      "IncludeGrid": false,
      "Mandatory": false,
      "FieldType": "",
      "Maxlength": "",
      "IsDuplicateAllowed": true
    }
  ]
}