{
  "JsonVersioningDetails": {
    "FileName": "IvrHostValueMapping.json",
    "Location": "AdminModules",
    "Version": "4.1.12.30",
    "LastModifiedDateTime": "30-11-2020 10:00:00 PM",
    "LastModifiedBy": "Sonal",
    "Description": "Moved from ocm to ocm_custom"
  },
  "Name": "IvrHostValueMapping",
  "DisplayName": "IVR Host Value Mapping",
  "FormGroup": 2,
  "MakerChecker": false,
  "ConfigKey": "",
  "GridColumns": [
    {
      "Title": "ID",
      "PropertyName": "ID",
      "Editable": true,
      "ColumnWidth": "col-lg-8",
      "ID": "",
      "FormGroup": 2,
      "Hidden": true,
      "Width": 150,
      "Encoded": false,
      "ClientTemplate": "",
      "DateFormat": "",
      "ConfigProperty": "",
      "Mandatory": true,
      "IncludeGrid": true,
      "FieldType": "",
      "Maxlength": "",
      "IsDuplicateAllowed": false
    },
    {
      "Title": "Error Code",
      "PropertyName": "ErrorCode",
      "Editable": true,
      "ColumnWidth": "col-lg-8",
      "ID": "",
      "FormGroup": 2,
      "Hidden": false,
      "Width": 150,
      "Encoded": false,
      "ClientTemplate": "",
      "DateFormat": "",
      "ConfigProperty": "",
      "Mandatory": true,
      "IncludeGrid": false,
      "FieldType": "Text",
      "Maxlength": "4",
      "IsDuplicateAllowed": false,
      "IsSearchable": true,
      "SearchOperator": "contains"
    },
    {
      "Title": "Error Description",
      "PropertyName": "ErrorDescription",
      "Editable": true,
      "ColumnWidth": "col-lg-8",
      "ID": "",
      "FormGroup": 2,
      "Hidden": false,
      "Width": 150,
      "Encoded": false,
      "ClientTemplate": "",
      "DateFormat": "",
      "ConfigProperty": "",
      "Mandatory": true,
      "IncludeGrid": false,
      "FieldType": "Text",
      "Maxlength": "",
      "IsDuplicateAllowed": true,
      "IsSearchable": true,
      "SearchOperator": "contains"
    },
    {
      "Title": "Error Phrase Number",
      "PropertyName": "ErrorPhraseNumberWaveFile",
      "Editable": true,
      "Width": 150,
      "ID": "",
      "Encoded": false,
      "ClientTemplate": "#= WaveFileTag#",
      "FieldType": "Upload",
      "ColumnWidth": "col-lg-8",
      "FormGroup": 2,
      "Hidden": false,
      "Mandatory": true,
      "IncludeGrid": false,
      "WaveFile": {
        "Id": "waveFile",
        "Name": "waveFileTag",
        "SelectEventName": "attachClickHandler",
        "UploadEventName": "onWavFileUpload",
        "RemoveEventName": "onWavFileRemove",
        "SaveAction": "SaveToChecker",
        "RemoveAction": "Remove",
        "SaveController": "FileUpload",
        "RemoveController": "FileUpload",
        "DisplayTag": "WavefileTag",
        "Validation": [ ".wav" ]
      },
      "IsDuplicateAllowed": true,
      "IsSearchable": true,
      "SearchOperator": "contains"
    },
    {
      "Title": "Error Phrase Text",
      "PropertyName": "ErrorPhraseText",
      "Editable": true,
      "ColumnWidth": "col-lg-8",
      "ID": "",
      "FormGroup": 2,
      "Hidden": false,
      "Width": 150,
      "Encoded": false,
      "ClientTemplate": "",
      "DateFormat": "",
      "ConfigProperty": "",
      "IncludeGrid": false,
      "Mandatory": true,
      "FieldType": "Text",
      "Maxlength": "",
      "IsDuplicateAllowed": true,
      "IsSearchable": true,
      "SearchOperator": "contains"
    },
    {
      "Title": "Last Changed By",
      "PropertyName": "LastChangedBy",
      "Editable": true,
      "ColumnWidth": "col-lg-8",
      "ID": "",
      "FormGroup": 2,
      "Hidden": false,
      "Width": 160,
      "Encoded": false,
      "ClientTemplate": "",
      "DateFormat": "",
      "ConfigProperty": "",
      "IncludeGrid": false,
      "Mandatory": false,
      "FieldType": "",
      "Maxlength": "",
      "IsDuplicateAllowed": true
    },
    {
      "Title": "Last Changed On",
      "PropertyName": "LastChangedOn",
      "Editable": true,
      "ColumnWidth": "col-lg-8",
      "ID": "",
      "FormGroup": 2,
      "Hidden": false,
      "Width": 170,
      "Encoded": false,
      "ClientTemplate": "#= checkGridDateTime(LastChangedOn)#",
      "DateFormat": "{0: dd/MM/yyyy HH:mm:ss}",
      "ConfigProperty": "",
      "IncludeGrid": false,
      "Mandatory": false,
      "FieldType": "",
      "Maxlength": "",
      "IsDuplicateAllowed": true
    }
  ]
}