{
  "JsonVersioningDetails": {
    "FileName": "IVRPublicKeyConfig.json",
    "Location": "AdminModules",
    "Version": "4.1.12.30",
    "LastModifiedDateTime": "16-12-2022 10:00:00 AM",
    "LastModifiedBy": "Krithi",
    "Description": "Moved from ocm to ocm_custom"
  },
  "Name": "IVRPublicKeyConfig",
  "DisplayName": "IVR Public Key Config",
  "FormGroup": 2,
  "MakerChecker": true, 
  "ConfigKey": "", //LDAP or IDM
  "GridColumns": [
    {
      "Title": "ID",
      "PropertyName": "Id",
      "Editable": true,
      "ColumnWidth": "col-lg-8",
      "ID": "",
      "FormGroup": 2,
      "Hidden": true,
      "Width": 100,
      "Encoded": false,
      "ClientTemplate": "",
      "Mandatory": false,
      "FieldType": "",
      "IncludeGrid": false
    },
    {
      "Title": "MPP Server IP",
      "PropertyName": "MPPServerIp",
      "Editable": true,
      "ColumnWidth": "col-lg-8",
      "ID": "",
      "FormGroup": 2,
      "Hidden": false,
      "Width": 200,
      "Encoded": false,
      "ClientTemplate": "",
      "DateFormat": "",
      "ConfigProperty": "",
      "Mandatory": true,
      "IncludeGrid": false,
      "FieldType": "Text",
      "Maxlength": "200",
      "OnKeyUpEvent": "",
      "OnMouseOutEvent": ""
    },
    {
      "Title": "Last Changed By",
      "PropertyName": "lastChangedBy",
      "Editable": true,
      "ColumnWidth": "col-lg-5",
      "ID": "",
      "FormGroup": 2,
      "Hidden": false,
      "Width": 200,
      "Encoded": false,
      "ClientTemplate": "",
      "DateFormat": "",
      "ConfigProperty": "",
      "IncludeGrid": false,
      "Mandatory": false,
      "FieldType": "",
      "FieldRows": "",
      "Maxlength": "",
      "OnKeyUpEvent": "",
      "OnMouseOutEvent": ""
    },
    {
      "Title": "Last Changed On",
      "PropertyName": "lastChangedOn",
      "Editable": true,
      "ColumnWidth": "col-lg-3",
      "ID": "",
      "FormGroup": 2,
      "Hidden": false,
      "Width": 200,
      "Encoded": false,
      "ClientTemplate": "#= checkGridDateTime(lastChangedOn)#",
      "DateFormat": "{0: dd/MM/yyyy HH:mm:ss}",
      "ConfigProperty": "",
      "IncludeGrid": false,
      "Mandatory": false,
      "FieldType": "",
      "FieldRows": "",
      "Maxlength": "",
      "OnKeyUpEvent": "",
      "OnMouseOutEvent": ""
    }
  ]
}