{
  "JsonVersioningDetails": {
    "FileName": "IvrProductPromotions.json",
    "Location": "AdminModules",
    "Version": "4.1.12.30",
    "LastModifiedDateTime": "30-11-2020 10:00:00 PM",
    "LastModifiedBy": "Sonal",
    "Description": "Moved from ocm to ocm_custom"
  },
  "Name": "IvrProductPromotions",
  "DisplayName": "Product Promotions",
  "FormGroup": 2,
  "MakerChecker": false,
  "ConfigKey": "",
  "GridColumns": [
    {
      "Title": "Promotion Number",
      "PropertyName": "PromotionNumber",
      "Editable": true,
      "ColumnWidth": "col-lg-3",
      "ID": "",
      "FormGroup": 2,
      "Hidden": false,
      "Width": 150,
      "Encoded": false,
      "ClientTemplate": "",
      "DateFormat": "",
      "ConfigProperty": "",
      "Mandatory": true,
      "IncludeGrid": false,
      "FieldType": "Text",
      "Maxlength": "4",
      "IsDuplicateAllowed": false,
      "IsSearchable": true,
      "SearchOperator": "contains"
    },
    {
      "Title": "Promotion Description",
      "PropertyName": "PromotionDescription",
      "Editable": true,
      "ColumnWidth": "col-lg-3",
      "ID": "",
      "FormGroup": 2,
      "Hidden": false,
      "Width": 150,
      "Encoded": false,
      "ClientTemplate": "",
      "DateFormat": "",
      "ConfigProperty": "",
      "Mandatory": true,
      "IncludeGrid": false,
      "FieldType": "Text",
      "Maxlength": "20",
      "IsDuplicateAllowed": true,
      "IsSearchable": true,
      "SearchOperator": "contains"
    },
    {
      "Title": "Start Date",
      "PropertyName": "StartDate",
      "Editable": true,
      "ColumnWidth": "col-lg-3",
      "ID": "",
      "FormGroup": 2,
      "Hidden": false,
      "Width": 150,
      "Encoded": false,
      "ClientTemplate": "",
      "DateFormat": "",
      "ConfigProperty": "",
      "Mandatory": true,
      "IncludeGrid": false,
      "FieldType": "Date",
      "Maxlength": "",
      "OnKeyUpEvent": "",
      "OnMouseOutEvent": "",
      "IsDuplicateAllowed": true
    },
    {
      "Title": "Start Time",
      "PropertyName": "StartTime",
      "Editable": true,
      "ColumnWidth": "col-lg-3",
      "ID": "",
      "FormGroup": 2,
      "Hidden": false,
      "Width": 150,
      "Encoded": false,
      "ClientTemplate": "",
      "DateFormat": "",
      "ConfigProperty": "",
      "Mandatory": true,
      "IncludeGrid": false,
      "FieldType": "Time",
      "Maxlength": "",
      "OnKeyUpEvent": "",
      "OnMouseOutEvent": "",
      "IsDuplicateAllowed": true
    },
    {
      "Title": "End Date",
      "PropertyName": "EndDate",
      "Editable": true,
      "ColumnWidth": "col-lg-3",
      "ID": "",
      "FormGroup": 2,
      "Hidden": false,
      "Width": 150,
      "Encoded": false,
      "ClientTemplate": "",
      "DateFormat": "",
      "ConfigProperty": "",
      "Mandatory": true,
      "IncludeGrid": false,
      "FieldType": "Date",
      "Maxlength": "",
      "OnKeyUpEvent": "",
      "OnMouseOutEvent": "",
      "IsDuplicateAllowed": true
    },
    {
      "Title": "End Time",
      "PropertyName": "EndTime",
      "Editable": true,
      "ColumnWidth": "col-lg-3",
      "ID": "",
      "FormGroup": 2,
      "Hidden": false,
      "Width": 150,
      "Encoded": false,
      "ClientTemplate": "",
      "DateFormat": "",
      "ConfigProperty": "",
      "Mandatory": true,
      "IncludeGrid": false,
      "FieldType": "Time",
      "Maxlength": "",
      "OnKeyUpEvent": "",
      "OnMouseOutEvent": "",
      "IsDuplicateAllowed": true
    },
    {
      "Title": "Language",
      "PropertyName": "Language",
      "Editable": true,
      "ColumnWidth": "col-lg-3",
      "ID": "",
      "FormGroup": 2,
      "Hidden": false,
      "Width": 150,
      "Encoded": false,
      "ClientTemplate": "",
      "DateFormat": "",
      "ConfigProperty": "",
      "Mandatory": true,
      "IncludeGrid": false,
      "FieldType": "DropDown",
      "Maxlength": "",
      "DropDownList": {
        "Action": "GetLanguage",
        "Controller": "Generic",
        "AutoBind": true,
        "Event": "empty",
        "DataParameter": "sendAntiForgeryToken",
        "ServerOperation": true,
        "Enable": true,
        "CascadeFrom": ""
      },
      "IsDuplicateAllowed": true,
      "IsSearchable": true,
      "SearchOperator": "contains"
    },
    {
      "Title": "Agent Group",
      "PropertyName": "AgentGroup",
      "Editable": true,
      "ColumnWidth": "col-lg-3",
      "ID": "",
      "FormGroup": 2,
      "Hidden": false,
      "Width": 150,
      "Encoded": false,
      "ClientTemplate": "",
      "DateFormat": "",
      "ConfigProperty": "",
      "Mandatory": true,
      "IncludeGrid": false,
      "FieldType": "Text",
      "Maxlength": "20",
      "IsDuplicateAllowed": true,
      "IsSearchable": true,
      "SearchOperator": "contains"
    },
    {
      "Title": "Promotion Name Wav File [mulaw] (Existing)",
      "PropertyName": "PromotionWavefile",
      "Editable": true,
      "Width": 150,
      "ID": "",
      "Encoded": false,
      "ClientTemplate": "#=PromotionWavefileTag#",
      "FieldType": "Upload",
      "ColumnWidth": "col-lg-3",
      "FormGroup": 2,
      "Hidden": false,
      "IncludeGrid": false,
      "Mandatory": true,
      "WaveFile": {
        "Id": "PromotionWavefile1",
        "Name": "waveFileTag",
        "SelectEventName": "attachClickHandlerforPromotionName",
        "UploadEventName": "onWavFileUpload",
        "RemoveEventName": "onWavFileRemoveforPromotionName",
        "SaveAction": "SaveToChecker", //if makerchecker is false change it to SaveToChecker
        "RemoveAction": "Remove",
        "SaveController": "FileUpload",
        "RemoveController": "FileUpload",
        "DisplayTag": "PromotionWavefileTag",
        "Validation": [ ".wav" ]
      },
      "IsDuplicateAllowed": true
    },
    {
      "Title": "Promotion Details Wav File [mulaw] (Existing)",
      "PropertyName": "PromotionDescriptionWavefile",
      "Editable": true,
      "Width": 150,
      "ID": "",
      "Encoded": false,
      "ClientTemplate": "#=PromotionDescriptionWavefileTag#",
      "FieldType": "Upload",
      "ColumnWidth": "col-lg-3",
      "FormGroup": 2,
      "Hidden": false,
      "IncludeGrid": false,
      "Mandatory": true,
      "WaveFile": {
        "Id": "PromotionDescriptionWavefile1",
        "Name": "waveFileTag",
        "SelectEventName": "attachClickHandlerforPromotionDetails",
        "UploadEventName": "onWavFileUpload",
        "RemoveEventName": "onWavFileRemoveforPromotionDetails",
        "SaveAction": "SaveToChecker", //if makerchecker is false change it to SaveToChecker
        "RemoveAction": "Remove",
        "SaveController": "FileUpload",
        "RemoveController": "FileUpload",
        "DisplayTag": "PromotionDescriptionWavefileTag",
        "Validation": [ ".wav" ]
      },
      "IsDuplicateAllowed": true
    },
    {
      "Title": "Status",
      "PropertyName": "Status",
      "Editable": true,
      "ColumnWidth": "col-lg-3",
      "ID": "",
      "FormGroup": 2,
      "Hidden": false,
      "Width": 150,
      "Encoded": false,
      "ClientTemplate": "",
      "DateFormat": "",
      "ConfigProperty": "",
      "IncludeGrid": true,
      "Mandatory": true,
      "FieldType": "DropDown",
      "Maxlength": "",
      "DropDownList": {
        "Action": "GetEnableDisable",
        "Controller": "Generic",
        "AutoBind": true,
        "Event": "empty",
        "DataParameter": "sendAntiForgeryToken",
        "ServerOperation": true,
        "Enable": true,
        "CascadeFrom": ""
      },
      "IsDuplicateAllowed": true
    },
    {
      "Title": "Last Changed By",
      "PropertyName": "LastChangedBy",
      "Editable": true,
      "ColumnWidth": "",
      "ID": "",
      "FormGroup": 2,
      "Hidden": false,
      "Width": 150,
      "Encoded": false,
      "ClientTemplate": "",
      "DateFormat": "",
      "ConfigProperty": "",
      "IncludeGrid": false,
      "Mandatory": false,
      "FieldType": "",
      "Maxlength": "",
      "IsDuplicateAllowed": true
    },
    {
      "Title": "Last Changed On",
      "PropertyName": "LastChangedOn",
      "Editable": true,
      "ColumnWidth": "",
      "ID": "",
      "FormGroup": 2,
      "Hidden": false,
      "Width": 150,
      "Encoded": false,
      "ClientTemplate": "#= checkGridDateTime(LastChangedOn)#",
      "DateFormat": "{0: dd/MM/yyyy HH:mm:ss}",
      "ConfigProperty": "",
      "IncludeGrid": false,
      "Mandatory": false,
      "FieldType": "",
      "Maxlength": "",
      "IsDuplicateAllowed": true
    }
  ]
}