﻿{
  "JsonVersioningDetails": {
    "FileName": "PersonalizeIvr.json",
    "Location": "AdminModules",
    "Version": "4.1.12.30",
    "LastModifiedDateTime": "15-12-2022 02:30:00 PM",
    "LastModifiedBy": "sonal",
    "Description": "Moved from ocm to ocm_custom"
  },
  "Name": "PersonalizeIvr",
  "DisplayName": "Personalize IVR",
  "FormGroup": 2,
  "MakerChecker": true,
  "ConfigKey": "",
  "GridColumns": [
    {
      "Title": "Voice Prompt ID",
      "PropertyName": "VoicePromptID",
      "Editable": true,
      "ColumnWidth": "col-lg-6",
      "ID": "",
      "FormGroup": 2,
      "Hidden": false,
      "Width": 100,
      "Encoded": false,
      "ClientTemplate": "",
      "DateFormat": "",
      "ConfigProperty": "",
      "Mandatory": true,
      "IncludeGrid": false,
      "FieldType": "Text",
      "Maxlength": "50",
      "OnKeyUpEvent": "return alphanumericonly(event)",
      "IsDuplicateAllowed": true,
      "IsSearchable": true,
      "SearchOperator": "contains"
    },
    {
      "Title": "Start Prompt Wave File",
      "PropertyName": "StartPromptWaveFile",
      "Editable": true,
      "Width": 150,
      "ID": "",
      "Encoded": false,
      "ClientTemplate": "#= StartPromptWaveFileTag#",
      "FieldType": "Upload",
      "ColumnWidth": "col-lg-6",
      "FormGroup": 2,
      "Hidden": false,
      "Mandatory": true,
      "IsDuplicateAllowed": true,
      "WaveFile": {
        "Id": "startPrompt",
        "Name": "waveFileTag",
        "SelectEventName": "attachClickHandlerforStartPrompt",
        "UploadEventName": "onStartPromptWavFileUpload",
        "RemoveEventName": "onStartPromptWavFileRemove",
        "SaveAction": "Save", //if makerchecker is false change it to SaveToChecker
        "RemoveAction": "Remove",
        "SaveController": "FileUpload",
        "RemoveController": "FileUpload",
        "DisplayTag": "StartPromptWaveFileTag",
        "Validation": [ ".wav" ]
      },
      "IsSearchable": true,
      "SearchOperator": "contains"
    },
    {
      "Title": "End Prompt Registered Wave File",
      "PropertyName": "EndPromptRegisteredWaveFile",
      "Editable": true,
      "Width": 150,
      "ID": "",
      "Encoded": false,
      "ClientTemplate": "#= EndPromptRegisteredWaveFileTag#",
      "FieldType": "Upload",
      "ColumnWidth": "col-lg-6",
      "FormGroup": 2,
      "Hidden": false,
      "Mandatory": true,
      "IsDuplicateAllowed": true,
      "WaveFile": {
        "Id": "endPromptReg",
        "Name": "waveFileTag",
        "SelectEventName": "attachClickHandlerforEndPromptRegistered",
        "UploadEventName": "onEndPromptRegisteredWavFileUpload",
        "RemoveEventName": "onEndPromptRegisteredWavFileRemove",
        "SaveAction": "Save", //if makerchecker is false change it to SaveToChecker
        "RemoveAction": "Remove",
        "SaveController": "FileUpload",
        "RemoveController": "FileUpload",
        "DisplayTag": "EndPromptRegisteredWaveFileTag",
        "Validation": [ ".wav" ]
      },
      "IsSearchable": true,
      "SearchOperator": "contains"
    },
    {
      "Title": "End Prompt Calling Wave File",
      "PropertyName": "EndPromptCallingWaveFile",
      "Editable": true,
      "Width": 150,
      "ID": "",
      "Encoded": false,
      "ClientTemplate": "#= EndPromptCallingWaveFileTag#",
      "FieldType": "Upload",
      "ColumnWidth": "col-lg-6",
      "FormGroup": 2,
      "Hidden": false,
      "Mandatory": true,
      "IsDuplicateAllowed": true,
      "WaveFile": {
        "Id": "endPromptCall",
        "Name": "waveFileTag",
        "SelectEventName": "attachClickHandlerforEndPromptCalling",
        "UploadEventName": "onEndPromptCallingWavFileUpload",
        "RemoveEventName": "onEndPromptCallingWavFileRemove",
        "SaveAction": "Save", //if makerchecker is false change it to SaveToChecker
        "RemoveAction": "Remove",
        "SaveController": "FileUpload",
        "RemoveController": "FileUpload",
        "DisplayTag": "EndPromptCallingWaveFileTag",
        "Validation": [ ".wav" ]
      },
      "IsSearchable": true,
      "SearchOperator": "contains"
    },
    {
      "Title": "Next Action",
      "PropertyName": "NextAction",
      "Editable": true,
      "ColumnWidth": "col-lg-6",
      "ID": "",
      "FormGroup": 2,
      "Hidden": false,
      "Width": 150,
      "Encoded": false,
      "ClientTemplate": "",
      "DateFormat": "",
      "ConfigProperty": "",
      "Mandatory": true,
      "IncludeGrid": false,
      "FieldType": "DropDown",
      "Maxlength": "",
      "DropDownList": {
        "Action": "GetNextAction",
        "Controller": "PersonalizeIvr",
        "AutoBind": true,
        "Event": "empty",
        "DataParameter": "sendAntiForgeryToken",
        "ServerOperation": true,
        "Enable": true,
        "CascadeFrom": ""
      },
      "IsDuplicateAllowed": true,
      "IsSearchable": true,
      "SearchOperator": "contains"
    },
    {
      "Title": "Sub Action",
      "PropertyName": "SubAction",
      "Editable": true,
      "ColumnWidth": "col-lg-6",
      "ID": "",
      "FormGroup": 2,
      "Hidden": false,
      "Width": 150,
      "Encoded": false,
      "ClientTemplate": "",
      "DateFormat": "",
      "ConfigProperty": "",
      "Mandatory": true,
      "IncludeGrid": false,
      "FieldType": "DropDown",
      "Maxlength": "",
      "DropDownList": {
        "Action": "GetSubAction",
        "Controller": "PersonalizeIvr",
        "AutoBind": true,
        "Event": "empty",
        "DataParameter": "sendAntiForgeryToken",
        "ServerOperation": true,
        "Enable": true,
        "CascadeFrom": ""
      },
      "IsDuplicateAllowed": true,
      "IsSearchable": true,
      "SearchOperator": "contains"
    }
  ]
}