{
  "JsonVersioningDetails": {
    "FileName": "POMManualUploadUtility.json",
    "Location": "AdminModules",
    "Version": "4.1.12.30",
    "LastModifiedDateTime": "16-12-2022 10:00:00 AM",
    "LastModifiedBy": "Krithi",
    "Description": "Moved from ocm to ocm_custom"
  },
  "Name": "POMManualUploadUtility",
  "DisplayName": "POM Manual UploadUtility",
  "FormGroup": 2,
  "MakerChecker": true,
  "ConfigKey": "",
  "GridColumns": [
    {
      "Title": "",
      "PropertyName": "",
      "Editable": true,
      "ColumnWidth": "col-lg-6",
      "ID": "",
      "FormGroup": 2,
      "Hidden": false,
      "Width": 100,
      "Encoded": false,
      "ClientTemplate": "",
      "DateFormat": "",
      "ConfigProperty": "",
      "Mandatory": true,
      "IncludeGrid": false,
      "FieldType": "",
      "Maxlength": "100",
      "OnKeyUpEvent": "",
      "OnMouseOutEvent": ""
    },
    {
      "Title": "",
      "PropertyName": "",
      "Editable": true,
      "ColumnWidth": "col-lg-6",
      "ID": "",
      "FormGroup": 2,
      "Hidden": true,
      "Width": 100,
      "Encoded": false,
      "ClientTemplate": "",
      "DateFormat": "",
      "ConfigProperty": "",
      "Mandatory": true,
      "IncludeGrid": false,
      "FieldType": "",
      "Maxlength": "10",
      "OnKeyUpEvent": "",
      "OnMouseOutEvent": ""
    },
    {
      "Title": "",
      "PropertyName": "",
      "Editable": true,
      "ColumnWidth": "col-lg-6",
      "ID": "",
      "FormGroup": 2,
      "Hidden": true,
      "Width": 100,
      "Encoded": false,
      "ClientTemplate": "",
      "DateFormat": "",
      "ConfigProperty": "",
      "Mandatory": true,
      "IncludeGrid": false,
      "FieldType": "",
      "FieldRows": "",
      "Maxlength": "",
      "OnKeyUpEvent": "",
      "OnMouseOutEvent": ""
    },
    {
      "Title": "",
      "PropertyName": "",
      "Editable": true,
      "ColumnWidth": "col-lg-6",
      "ID": "",
      "FormGroup": 2,
      "Hidden": false,
      "Width": 100,
      "Encoded": false,
      "ClientTemplate": "",
      "DateFormat": "",
      "ConfigProperty": "",
      "Mandatory": false,
      "IncludeGrid": false,
      "FieldType": "",
      "FieldRows": "",
      "Maxlength": "",
      "OnKeyUpEvent": "",
      "OnMouseOutEvent": ""
    },
    {
      "Title": "",
      "PropertyName": "",
      "Editable": true,
      "ColumnWidth": "col-lg-5",
      "ID": "",
      "FormGroup": 2,
      "Hidden": false,
      "Width": 200,
      "Encoded": false,
      "ClientTemplate": "",
      "DateFormat": "",
      "ConfigProperty": "",
      "IncludeGrid": false,
      "Mandatory": false,
      "FieldType": "",
      "FieldRows": "",
      "Maxlength": "",
      "OnKeyUpEvent": "",
      "OnMouseOutEvent": ""
    },
    {
      "Title": "",
      "PropertyName": "",
      "Editable": true,
      "ColumnWidth": "col-lg-3",
      "ID": "",
      "FormGroup": 2,
      "Hidden": false,
      "Width": 200,
      "Encoded": false,
      "ClientTemplate": "#= checkGridDateTime(LastChangedOn)#",
      "DateFormat": "{0: dd/MM/yyyy HH:mm:ss}",
      "ConfigProperty": "",
      "IncludeGrid": false,
      "Mandatory": false,
      "FieldType": "",
      "FieldRows": "",
      "Maxlength": "",
      "OnKeyUpEvent": "",
      "OnMouseOutEvent": ""
    },
    {
      "Title": "",
      "PropertyName": "",
      "Editable": true,
      "ColumnWidth": "col-lg-5",
      "ID": "",
      "FormGroup": 2,
      "Hidden": false,
      "Width": 200,
      "Encoded": false,
      "ClientTemplate": "",
      "DateFormat": "",
      "ConfigProperty": "",
      "IncludeGrid": false,
      "Mandatory": false,
      "FieldType": "",
      "FieldRows": "",
      "Maxlength": "",
      "OnKeyUpEvent": "",
      "OnMouseOutEvent": ""
    }
  ],

  // CSV Fields for TH Telesales
  //  "FieldHeadings": "ID,CALL_RECORDID,ACPTYPE,ACPFNUM,RECMSG,LOCATNID,ACCOUNT,CIN,PTRAN,FCAREA,CACSSTCD,HOLDDATE,NAME,NAME2,SSN,ADDR1,ADDR2,ADDR3,CITY,STATE,ZIP,COUNTY,CCODE,PHTYCO1,PHAVCO1,PHONE1,PHONEFMT1,PHTYCO2,PHAVCO2,PHONE2,PHONEFMT2,PHTYCO3,PHAVCO3,PHONE3,PHONEFMT3,PHTYCO4,PHAVCO4,PHONE4,PHONEFMT4,BALANCE,TOTDLQ,CURRDAMT,TOTDAMT,INTLAMT,OVRLAMT,BILLDATE,CYCDELQ,CYCLEID,PRILGID,NATCUR,BASCUR,PRECUR,USR1,USR2,CCHL1A,CCHL1B,CCHL2A,CCHL2B,PRIBUSNAME,COLLECTID,DPD,PHONE1NSP,PHONE2NSP,PHONE3NSP,PHONE4NSP,NSPUPDATEDBY,NSPUPDATEDTIME,ENTRYDATE,STATUS,LOCFC,FT_BALANCE,FT_TOTDLQ,FT_CURRDAMT,FT_TOTDAMT,FT_INTLAMT,FT_OVRLAMT",
  //  "FieldLengthValidation": "15,20,40,10,10,80,30,30,30,30,9,11,1,19,11,11,11,11,3,10,40,30,30,10,4,3,10,45,45,45,16,30,10,10,10,10,10,10,15,20,10,6,10,20,20,20,20,20,20,20,20,10,20,30,40,30,30,30,30,30,10,10,10,10,20,20,20,20,20,20,20,29,20,20,20,20",
  //"AddNewColumns": [
  //    {
  //      "ExistingColumn": "PHONE3",
  //      "NewColumn": "PhoneNumber3"
  //    },
  //    {
  //      "ExistingColumn": "PHONE1",
  //      "NewColumn": "PhoneNumber1"
  //    },
  //    {
  //      "ExistingColumn": "PHONE2",
  //      "NewColumn": "PhoneNumber2"
  //    }
  //  ]

  // CSV Fields for MY Telesales
  "FieldHeadings": "LEADS_CAMPAIGN_CODE,LEADS_LID,LEADS_ACCT_ID,CAMPAIGN_DESC,CAMPAIGN_START_DATE,CAMPAIGN_END_DATE,LEADS_CUST_NO,LEADS_CUST_CIF_NO,LEADS_CUST_TITLE,LEADS_GENDER,LEADS_CUST_NAME1,LEADS_CUST_NAME2,LEADS_CUST_DOB,LEADS_CUST_NRIC,LEADS_CUST_ID,LEADS_CUST_ID_TYPE,LEADS_CUST_HOME_PHONE,LEADS_CUST_BIZ_HONE,LEADS_CUST_MOBILE_PHONE,LEADS_CUST_BIZ_FAX,LEADS_CUST_ADDR1,LEADS_CUST_ADDR2,LEADS_CUST_ADDR3,LEADS_CUST_ADDR4,LEADS_CUST_ADDR5,LEADS_CUST_EMAIL,LEADS_ACCT_NO,LEADS_ACCT_CARD_NO,LEADS_ACCT_TYPE,LEADS_ACCT_PROD_CODE,LEADS_ACCT_CARD_EXPIRY_DATE,LEADS_ACCT_CARD_COLLECT_METHOD,LEADS_ACCT_CARD_BLOCK_CODE,LEADS_ACCT_CARD_OPEN_DATE,LEADS_ACCT_NO,LEADS_ACCT_CARD_NO,LEADS_ACCT_TYPE,LEADS_ACCT_PROD_CODE,LEADS_ACCT_CARD_EXPIRY_DATE,LEADS_ACCT_CARD_COLLECT_METHOD,LEADS_ACCT_CARD_BLOCK_CODE,LEADS_ACCT_CARD_OPEN_DATE,LEADS_ACCT_NO,LEADS_ACCT_CARD_NO,LEADS_ACCT_TYPE,LEADS_ACCT_PROD_CODE,LEADS_ACCT_CARD_EXPIRY_DATE,LEADS_ACCT_CARD_COLLECT_METHOD,LEADS_ACCT_CARD_BLOCK_CODE,LEADS_ACCT_CARD_OPEN_DATE,LEADS_ACCT_NO,LEADS_ACCT_CARD_NO,LEADS_ACCT_TYPE,LEADS_ACCT_PROD_CODE,LEADS_ACCT_CARD_EXPIRY_DATE,LEADS_ACCT_CARD_COLLECT_METHOD,LEADS_ACCT_CARD_BLOCK_CODE,LEADS_ACCT_CARD_OPEN_DATE,LEADS_ACCT_NO,LEADS_ACCT_CARD_NO,LEADS_ACCT_TYPE,LEADS_ACCT_PROD_CODE,LEADS_ACCT_CARD_EXPIRY_DATE,LEADS_ACCT_CARD_COLLECT_METHOD,LEADS_ACCT_CARD_BLOCK_CODE,LEADS_ACCT_CARD_OPEN_DATE,LEADS_ACCT_NO,LEADS_ACCT_CARD_NO,LEADS_ACCT_TYPE,LEADS_ACCT_PROD_CODE,LEADS_ACCT_CARD_EXPIRY_DATE,LEADS_ACCT_CARD_COLLECT_METHOD,LEADS_ACCT_CARD_BLOCK_CODE,LEADS_ACCT_CARD_OPEN_DATE",
  "FieldLengthValidation": "11,12,12,100,11,11,8,25,30,6,50,50,11,30,30,2,30,30,30,30,50,50,50,50,50,50,20,20,3,20,11,6,6,11,20,20,3,20,11,6,6,11,20,20,3,20,11,6,6,11,20,20,3,20,11,6,6,11,20,20,3,20,11,6,6,11,20,20,3,20,11,6,6,11"
}