{
  "JsonVersioningDetails": {
    "FileName": "SmartDialerManualUpload.json",
    "Location": "AdminModules",
    "Version": "4.1.12.30",
    "LastModifiedDateTime": "19-01-2023 10:00:00 AM",
    "LastModifiedBy": "Prathik",
    "Description": "Added grid columns section"
  },
  "Name": "SmartDialerManualUpload",
  "DisplayName": "Smart Dialer Manual Upload",
  "FormGroup": 2,
  "MakerChecker": true,
  "ConfigKey": "{'Status':'Rejected'}",
  "GridColumns": [
    {
      "Title": "SNo",
      "PropertyName": "SNo",
      "Hidden": false,
      "Mandatory": true,
      "IncludeGrid": false,
      "Maxlength": "",
      "IsSearchable": false,
      "SearchOperator": ""
    },
    {
      "Title": "CountryCode",
      "PropertyName": "CountryCode",
      "Hidden": false,
      "Mandatory": true,
      "IncludeGrid": false,
      "Maxlength": "2",
      "IsSearchable": false,
      "SearchOperator": ""
    },
    {
      "Title": "Intent",
      "PropertyName": "Intent",
      "Hidden": false,
      "Mandatory": true,
      "IncludeGrid": false,
      "Maxlength": "50",
      "IsSearchable": true,
      "SearchOperator": "contains"
    },
    {
      "Title": "ConfigID",
      "PropertyName": "ConfigID",
      "Hidden": false,
      "Mandatory": true,
      "IncludeGrid": false,
      "Maxlength": "",
      "IsSearchable": false,
      "SearchOperator": ""
    },
    {
      "Title": "PhoneNumber",
      "PropertyName": "PhoneNumber",
      "Hidden": false,
      "Mandatory": true,
      "IncludeGrid": false,
      "Maxlength": "",
      "IsSearchable": true,
      "SearchOperator": "contains"
    },
    {
      "Title": "TimeZone",
      "PropertyName": "TimeZone",
      "Hidden": false,
      "Mandatory": true,
      "IncludeGrid": false,
      "Maxlength": "",
      "IsSearchable": false,
      "SearchOperator": ""
    },
    {
      "Title": "Priority",
      "PropertyName": "Priority",
      "Hidden": false,
      "Mandatory": true,
      "IncludeGrid": false,
      "Maxlength": "5",
      "IsSearchable": false,
      "SearchOperator": ""
    },
    {
      "Title": "CustomerName",
      "PropertyName": "CustomerName",
      "Hidden": false,
      "Mandatory": false,
      "IncludeGrid": false,
      "Maxlength": "22",
      "IsSearchable": false,
      "SearchOperator": ""
    },
    {
      "Title": "NRIC",
      "PropertyName": "NRIC",
      "Hidden": false,
      "Mandatory": false,
      "IncludeGrid": false,
      "Maxlength": "",
      "IsSearchable": false,
      "SearchOperator": ""
    },
    {
      "Title": "CIF",
      "PropertyName": "CIF",
      "Hidden": false,
      "Mandatory": false,
      "IncludeGrid": false,
      "Maxlength": "16",
      "IsSearchable": false,
      "SearchOperator": ""
    },
    {
      "Title": "Language",
      "PropertyName": "Language",
      "Hidden": false,
      "Mandatory": false,
      "IncludeGrid": false,
      "Maxlength": "1",
      "IsSearchable": false,
      "SearchOperator": ""
    },
    {
      "Title": "Segment",
      "PropertyName": "Segment",
      "Hidden": false,
      "Mandatory": false,
      "IncludeGrid": false,
      "Maxlength": "4",
      "IsSearchable": false,
      "SearchOperator": ""
    },
    {
      "Title": "VIPIndicator",
      "PropertyName": "VIPIndicator",
      "Hidden": false,
      "Mandatory": false,
      "IncludeGrid": false,
      "Maxlength": "2",
      "IsSearchable": false,
      "SearchOperator": ""
    },
    {
      "Title": "CallerSegment",
      "PropertyName": "CallerSegment",
      "Hidden": false,
      "Mandatory": false,
      "IncludeGrid": false,
      "Maxlength": "1",
      "IsSearchable": false,
      "SearchOperator": ""
    },
    {
      "Title": "AgentInstructionID",
      "PropertyName": "AgentInstructionID",
      "Hidden": false,
      "Mandatory": false,
      "IncludeGrid": false,
      "Maxlength": "",
      "IsSearchable": false,
      "SearchOperator": ""
    },
    {
      "Title": "SmartDialerID",
      "PropertyName": "SmartDialerID",
      "Hidden": false,
      "Mandatory": true,
      "IncludeGrid": false,
      "Maxlength": "10",
      "IsSearchable": true,
      "SearchOperator": "contains"
    },
    {
      "Title": "UUI",
      "PropertyName": "UUI",
      "Hidden": false,
      "Mandatory": true,
      "IncludeGrid": false,
      "Maxlength": "96",
      "IsSearchable": false,
      "SearchOperator": ""
    },
    {
      "Title": "RegistrationProcessStatus",
      "PropertyName": "RegistrationProcessStatus",
      "Hidden": false,
      "Mandatory": false,
      "IncludeGrid": false,
      "Maxlength": "",
      "IsSearchable": false,
      "SearchOperator": ""
    },
    {
      "Title": "ProcessUpdatedDatetime",
      "PropertyName": "ProcessUpdatedDatetime",
      "Hidden": false,
      "Mandatory": false,
      "IncludeGrid": false,
      "Maxlength": "",
      "IsSearchable": false,
      "SearchOperator": ""
    },
    {
      "Title": "Description",
      "PropertyName": "Description",
      "Hidden": false,
      "Mandatory": false,
      "IncludeGrid": false,
      "Maxlength": "",
      "IsSearchable": false,
      "SearchOperator": ""
    },
    {
      "Title": "LastChangedBy",
      "PropertyName": "LastChangedBy",
      "Hidden": false,
      "Mandatory": false,
      "IncludeGrid": false,
      "Maxlength": "",
      "IsSearchable": false,
      "SearchOperator": ""
    },
    {
      "Title": "LastChangedOn",
      "PropertyName": "LastChangedOn",
      "Hidden": false,
      "Mandatory": false,
      "IncludeGrid": false,
      "Maxlength": "",
      "IsSearchable": false,
      "SearchOperator": "contains"
    }
  ],
  "PhoneNumberValidate": [
    {
      "CountryCode": "SG",
      "Length": [ "8" ],
      "StartsWith": [ "8", "9" ],
      "Timezone": "8"
    },
    {
      "CountryCode": "MY",
      "Length": [ "10", "11" ],
      "StartsWith": [ "60" ],
      "Timezone": "8"
    },
    {
      "CountryCode": "TH",
      "Length": [ "10" ],
      "StartsWith": [],
      "Timezone": "7"
    }
  ]
}