﻿{
  "JsonVersioningDetails": {
    "FileName": "OCMCollectionsPredictiveJobPerformanceSummaryReport.json",
    "Location": "Reports",
    "Version": "4.1.12.30",
    "LastModifiedDateTime": "09-01-2023 10:30:00 AM",
    "LastModifiedBy": "Sonal",
    "Description": "Moved from ocm to ocm_custom"
  },
  "ReportName": "OCM Predictive Job Performance Summary Report",
  "Grid": [
    {
      /*Main Grid*/
      "Name": "OCMCollectionsPredictiveJobPerformanceSummaryReport",
      "ClientDetailTemplateId": "templateDate",
      "ClientDetailTemplateColumn": "Date",
      "DetailReportName": "OCMCollectionsPredictiveJobPerformanceSummaryReportDetails",
      "DetailReportColumnNameOne": "Date",
      "DetailReportColumnNameTwo": "",
      "DetailReportColumnNameThree": "",
      "IsdetailReport": true,
      "SummaryDataButton": false,
      "Selectable": "row", /* cell/row/none*/
      "Change": "onChangeGridOne",
      "DataBound": "onDataBound",
      "ColumnHide": "onDataBound",
      "ColumnShow": "onDataBound",
      "ExcelExport": "validateExportExcel",
      "DetailExpand": "empty",
      "Action": "GetGridData",
      "Controller": "OCMReport",
      "DataParameter": "",
      "ServerOperation": "",
      "GridAutoResize": "0",
      "PageSize": "10",
      "Identity": [
        {
          "ColumnName": "All",
          "Header": "Predictive Job Performance Summary details for date: "
        }

      ],
      "ReportAutoCompleteSearch": {
      },
      "Columns": [
        {
          "Title": "ID",
          "PropertyName": "ID",
          "IncludeInReport": false,
          "IncludeInMenu": false,
          "Hidden": true,
          "ClientTemplate": "",
          "DataFormatType": ""
        },
        {
          "Title": "Date",
          "PropertyName": "Date",
          "IncludeInReport": true,
          "IncludeInMenu": false,
          "Hidden": true,
          "ClientTemplate": "",
          "DataFormatType": "date"
        },
        {
          "Title": "Team",
          "PropertyName": "TeamName",
          "IncludeInReport": false,
          "IncludeInMenu": false,
          "Hidden": true,
          "ClientTemplate": "",
          "DataFormatType": ""
        },
        {
          "Title": "First Start Date Time",
          "PropertyName": "FirstStartDateTime",
          "IncludeInReport": true,
          "IncludeInMenu": true,
          "Hidden": false,
          "ClientTemplate": "",
          "DataFormatType": "datetime"
        },
        {
          "Title": "Last End Date Time",
          "PropertyName": "LastEndDateTime",
          "IncludeInReport": true,
          "IncludeInMenu": true,
          "Hidden": false,
          "ClientTemplate": "",
          "DataFormatType": "datetime"
        },
        {
          "Title": "Online Time",
          "PropertyName": "OnlineTime",
          "IncludeInReport": true,
          "IncludeInMenu": true,
          "Hidden": false,
          "ClientTemplate": "",
          "DataFormatType": "time"
        },
        {
          "Title": "Record Selected",
          "PropertyName": "RecordSelected",
          "IncludeInReport": true,
          "IncludeInMenu": true,
          "Hidden": false,
          "ClientTemplate": "",
          "DataFormatType": "number"
        },
        {
          "Title": "Call Placed",
          "PropertyName": "CallPlaced",
          "IncludeInReport": true,
          "IncludeInMenu": true,
          "Hidden": false,
          "ClientTemplate": "",
          "DataFormatType": "number"
        },
        {
          "Title": "Call Offered",
          "PropertyName": "CallOffered",
          "IncludeInReport": true,
          "IncludeInMenu": true,
          "Hidden": false,
          "ClientTemplate": "",
          "DataFormatType": "number"
        },
        {
          "Title": "Connects",
          "PropertyName": "Connects",
          "IncludeInReport": true,
          "IncludeInMenu": true,
          "Hidden": false,
          "ClientTemplate": "",
          "DataFormatType": "number"
        },
        {
          "Title": "Connects Per HR",
          "PropertyName": "ConnectsPerHR",
          "IncludeInReport": true,
          "IncludeInMenu": true,
          "Hidden": false,
          "ClientTemplate": "",
          "DataFormatType": "decimal"
        },
        {
          "Title": "RPC",
          "PropertyName": "RPCCount",
          "IncludeInReport": true,
          "IncludeInMenu": true,
          "Hidden": false,
          "ClientTemplate": "",
          "DataFormatType": "number"
        },
        {
          "Title": "RPC Per HR",
          "PropertyName": "RPCPerHR",
          "IncludeInReport": true,
          "IncludeInMenu": true,
          "Hidden": false,
          "ClientTemplate": "",
          "DataFormatType": "decimal"
        },
        {
          "Title": "RPC Per Rate",
          "PropertyName": "RPCPerRate",
          "IncludeInReport": true,
          "IncludeInMenu": true,
          "Hidden": false,
          "ClientTemplate": "",
          "DataFormatType": "decimal"
        },
        {
          "Title": "Close",
          "PropertyName": "CloseCount",
          "IncludeInReport": true,
          "IncludeInMenu": true,
          "Hidden": false,
          "ClientTemplate": "",
          "DataFormatType": "number"
        },
        {
          "Title": "Close Per HR",
          "PropertyName": "ClosePerHR",
          "IncludeInReport": true,
          "IncludeInMenu": true,
          "Hidden": false,
          "ClientTemplate": "",
          "DataFormatType": "decimal"
        },
        {
          "Title": "Manual Calls",
          "PropertyName": "ManualCalls",
          "IncludeInReport": true,
          "IncludeInMenu": true,
          "Hidden": false,
          "ClientTemplate": "",
          "DataFormatType": "number"
        },
        {
          "Title": "Manual Calls Rate",
          "PropertyName": "ManualCallsRate",
          "IncludeInReport": true,
          "IncludeInMenu": true,
          "Hidden": false,
          "ClientTemplate": "",
          "DataFormatType": "decimal"
        },
        {
          "Title": "PTP All Count",
          "PropertyName": "PTPAllCount",
          "IncludeInReport": true,
          "IncludeInMenu": true,
          "Hidden": false,
          "ClientTemplate": "",
          "DataFormatType": "number"
        },
        {
          "Title": "CTC NOPTP All Count",
          "PropertyName": "CTCNOPTPAllCount",
          "IncludeInReport": true,
          "IncludeInMenu": true,
          "Hidden": false,
          "ClientTemplate": "",
          "DataFormatType": "number"
        },
        {
          "Title": "Left Msg Count",
          "PropertyName": "LeftMsgCount",
          "IncludeInReport": true,
          "IncludeInMenu": true,
          "Hidden": false,
          "ClientTemplate": "",
          "DataFormatType": "number"
        },
        {
          "Title": "Line Fail Count",
          "PropertyName": "LineFailCount",
          "IncludeInReport": true,
          "IncludeInMenu": true,
          "Hidden": false,
          "ClientTemplate": "",
          "DataFormatType": "number"
        },
        {
          "Title": "NSP Count",
          "PropertyName": "NSPCount",
          "IncludeInReport": true,
          "IncludeInMenu": true,
          "Hidden": false,
          "ClientTemplate": "",
          "DataFormatType": "number"
        },
        {
          "Title": "No Call All Count",
          "PropertyName": "NoCallAllCount",
          "IncludeInReport": true,
          "IncludeInMenu": true,
          "Hidden": false,
          "ClientTemplate": "",
          "DataFormatType": "number"
        },
        {
          "Title": "Desired Service Level",
          "PropertyName": "DesiredServiceLevel",
          "IncludeInReport": true,
          "IncludeInMenu": true,
          "Hidden": false,
          "ClientTemplate": "",
          "DataFormatType": "decimal"
        },
        {
          "Title": "Actual Service Level",
          "PropertyName": "ActualServiceLevel",
          "IncludeInReport": true,
          "IncludeInMenu": true,
          "Hidden": false,
          "ClientTemplate": "",
          "DataFormatType": "decimal"
        },
        {
          "Title": "Nuisance Count",
          "PropertyName": "NuisanceCount",
          "IncludeInReport": true,
          "IncludeInMenu": true,
          "Hidden": false,
          "ClientTemplate": "",
          "DataFormatType": "number"
        },
        {
          "Title": "Nuisance Rate",
          "PropertyName": "NuisanceRate",
          "IncludeInReport": true,
          "IncludeInMenu": true,
          "Hidden": false,
          "ClientTemplate": "",
          "DataFormatType": "decimal"
        },
        {
          "Title": "Abandoned Rate",
          "PropertyName": "AbandanedRate",
          "IncludeInReport": true,
          "IncludeInMenu": true,
          "Hidden": false,
          "ClientTemplate": "",
          "DataFormatType": "decimal"
        },
        {
          "Title": "Busy Count",
          "PropertyName": "BusyCount",
          "IncludeInReport": true,
          "IncludeInMenu": true,
          "Hidden": false,
          "ClientTemplate": "",
          "DataFormatType": "number"
        },
        {
          "Title": "No Answer Count",
          "PropertyName": "NoAnswerCount",
          "IncludeInReport": true,
          "IncludeInMenu": true,
          "Hidden": false,
          "ClientTemplate": "",
          "DataFormatType": "number"
        },
        {
          "Title": "Voice Mail",
          "PropertyName": "VoiceMail",
          "IncludeInReport": true,
          "IncludeInMenu": true,
          "Hidden": false,
          "ClientTemplate": "",
          "DataFormatType": "number"
        },
        {
          "Title": "Fax Modem",
          "PropertyName": "FaxModem",
          "IncludeInReport": true,
          "IncludeInMenu": true,
          "Hidden": false,
          "ClientTemplate": "",
          "DataFormatType": "number"
        },
        {
          "Title": "Media Server Fail",
          "PropertyName": "MediaServerFail",
          "IncludeInReport": true,
          "IncludeInMenu": true,
          "Hidden": false,
          "ClientTemplate": "",
          "DataFormatType": "number"
        },
        {
          "Title": "Nuisance By User",
          "PropertyName": "NuisanceByUser",
          "IncludeInReport": true,
          "IncludeInMenu": true,
          "Hidden": false,
          "ClientTemplate": "",
          "DataFormatType": "number"
        },
        {
          "Title": "Nuisance By Sys",
          "PropertyName": "NuisanceBySys",
          "IncludeInReport": true,
          "IncludeInMenu": true,
          "Hidden": false,
          "ClientTemplate": "",
          "DataFormatType": "number"
        },
        {
          "Title": "Invalid Number",
          "PropertyName": "InvalidNumber",
          "IncludeInReport": true,
          "IncludeInMenu": true,
          "Hidden": false,
          "ClientTemplate": "",
          "DataFormatType": "number"
        },
        {
          "Title": "Network Refusal",
          "PropertyName": "NetworkRefusal",
          "IncludeInReport": true,
          "IncludeInMenu": true,
          "Hidden": false,
          "ClientTemplate": "",
          "DataFormatType": "number"
        },
        {
          "Title": "SIT Tones",
          "PropertyName": "SITTones",
          "IncludeInReport": true,
          "IncludeInMenu": true,
          "Hidden": false,
          "ClientTemplate": "",
          "DataFormatType": "number"
        },
        {
          "Title": "Reorder Tone Count",
          "PropertyName": "ReorderToneCount",
          "IncludeInReport": true,
          "IncludeInMenu": true,
          "Hidden": false,
          "ClientTemplate": "",
          "DataFormatType": "number"
        },
        {
          "Title": "Desktop Error Count",
          "PropertyName": "DesktopErrorCount",
          "IncludeInReport": true,
          "IncludeInMenu": true,
          "Hidden": false,
          "ClientTemplate": "",
          "DataFormatType": "number"
        },
        {
          "Title": "App Error Count",
          "PropertyName": "AppErrorCount",
          "IncludeInReport": true,
          "IncludeInMenu": true,
          "Hidden": false,
          "ClientTemplate": "",
          "DataFormatType": "number"
        },
        {
          "Title": "Disc By Agent Count",
          "PropertyName": "DisconnectedByAgentCount",
          "IncludeInReport": true,
          "IncludeInMenu": true,
          "Hidden": false,
          "ClientTemplate": "",
          "DataFormatType": "number"
        },
        {
          "Title": "Excluded Count",
          "PropertyName": "ExcludedCount",
          "IncludeInReport": true,
          "IncludeInMenu": true,
          "Hidden": false,
          "ClientTemplate": "",
          "DataFormatType": "number"
        },
        {
          "Title": "No Agent Avail Count",
          "PropertyName": "NoAgentAvailCount",
          "IncludeInReport": true,
          "IncludeInMenu": true,
          "Hidden": false,
          "ClientTemplate": "",
          "DataFormatType": "number"
        },
        {
          "Title": "Restricted By Attempts Count",
          "PropertyName": "RestrictedByAttemptsCount",
          "IncludeInReport": true,
          "IncludeInMenu": true,
          "Hidden": false,
          "ClientTemplate": "",
          "DataFormatType": "number"
        },
        {
          "Title": "Others Restricted Count",
          "PropertyName": "OthersRestrictedCount",
          "IncludeInReport": true,
          "IncludeInMenu": true,
          "Hidden": false,
          "ClientTemplate": "",
          "DataFormatType": "number"
        },
        {
          "Title": "Answer Human Count",
          "PropertyName": "AnswerHumanCount",
          "IncludeInReport": true,
          "IncludeInMenu": true,
          "Hidden": false,
          "ClientTemplate": "",
          "DataFormatType": "number"
        },
        {
          "Title": "Call Answered Count",
          "PropertyName": "CallAnsweredCount",
          "IncludeInReport": true,
          "IncludeInMenu": true,
          "Hidden": false,
          "ClientTemplate": "",
          "DataFormatType": "number"
        },
        {
          "Title": "Reject In Preview Count",
          "PropertyName": "RejectInPreviewCount",
          "IncludeInReport": true,
          "IncludeInMenu": true,
          "Hidden": false,
          "ClientTemplate": "",
          "DataFormatType": "number"
        },
        {
          "Title": "Restricted Dnc Count",
          "PropertyName": "RestrictedDncCount",
          "IncludeInReport": true,
          "IncludeInMenu": true,
          "Hidden": false,
          "ClientTemplate": "",
          "DataFormatType": "number"
        },
        {
          "Title": "Attempt Timeout Count",
          "PropertyName": "AttemptTimeoutCount",
          "IncludeInReport": true,
          "IncludeInMenu": true,
          "Hidden": false,
          "ClientTemplate": "",
          "DataFormatType": "number"
        },
        {
          "Title": "Contact Address Empty Count",
          "PropertyName": "ContactAddressEmptyCount",
          "IncludeInReport": true,
          "IncludeInMenu": true,
          "Hidden": false,
          "ClientTemplate": "",
          "DataFormatType": "number"
        },
        {
          "Title": "Reject due to Attempt Already in Progress Count",
          "PropertyName": "RejectAttemptAlreadyProgressCount",
          "IncludeInReport": true,
          "IncludeInMenu": true,
          "Hidden": false,
          "ClientTemplate": "",
          "DataFormatType": "number"
        },
        {
          "Title": "Callback Postponed Count",
          "PropertyName": "CallbackPostponedCount",
          "IncludeInReport": true,
          "IncludeInMenu": true,
          "Hidden": false,
          "ClientTemplate": "",
          "DataFormatType": "number"
        },
        {
          "Title": "No Answered Count",
          "PropertyName": "NoAnsweredCount",
          "IncludeInReport": true,
          "IncludeInMenu": true,
          "Hidden": false,
          "ClientTemplate": "",
          "DataFormatType": "number"
        },
        {
          "Title": "Contact Attempts",
          "PropertyName": "ContactAttempts",
          "IncludeInReport": true,
          "IncludeInMenu": false,
          "Hidden": true,
          "ClientTemplate": "",
          "DataFormatType": "number"
        }
      ]
    },
    {
      /*Main Grid Client Template*/
      "Name": "OCMCollectionsPredictiveJobPerformanceSummarySubGrid",
      "ClientDetailTemplateId": "",
      "ClientDetailTemplateColumn": "",
      "DetailReportName": "",
      "DetailReportColumnNameOne": "",
      "DetailReportColumnNameTwo": "",
      "DetailReportColumnNameThree": "",
      "IsdetailReport": false,
      "SummaryDataButton": false,
      "Selectable": "", /* cell/row/none*/
      "Change": "",
      "DataBound": "",
      "ColumnHide": "",
      "ColumnShow": "",
      "ExcelExport": "",
      "DetailExpand": "",
      "Action": "",
      "Controller": "",
      "DataParameter": "",
      "ServerOperation": "",
      "GridAutoResize": "1",
      "PageSize": "10",
      "Identity": [

      ],
      "ReportAutoCompleteSearch": {
      },
      "Columns": [
        {
          "Title": "Team",
          "PropertyName": "TeamName",
          "IncludeInReport": true,
          "IncludeInMenu": true,
          "Hidden": false,
          "ClientTemplate": "",
          "DataFormatType": ""
        },
        {
          "Title": "First Start Date Time",
          "PropertyName": "FirstStartDateTime",
          "IncludeInReport": true,
          "IncludeInMenu": true,
          "Hidden": false,
          "ClientTemplate": "",
          "DataFormatType": "datetime"
        },
        {
          "Title": "Last End Date Time",
          "PropertyName": "LastEndDateTime",
          "IncludeInReport": true,
          "IncludeInMenu": true,
          "Hidden": false,
          "ClientTemplate": "",
          "DataFormatType": "datetime"
        },
        {
          "Title": "Online Time",
          "PropertyName": "OnlineTime",
          "IncludeInReport": true,
          "IncludeInMenu": true,
          "Hidden": false,
          "ClientTemplate": "",
          "DataFormatType": "time"
        },
        {
          "Title": "Record Selected",
          "PropertyName": "RecordSelected",
          "IncludeInReport": true,
          "IncludeInMenu": true,
          "Hidden": false,
          "ClientTemplate": "",
          "DataFormatType": "number"
        },
        {
          "Title": "Call Placed",
          "PropertyName": "CallPlaced",
          "IncludeInReport": true,
          "IncludeInMenu": true,
          "Hidden": false,
          "ClientTemplate": "",
          "DataFormatType": "number"
        },
        {
          "Title": "Call Offered",
          "PropertyName": "CallOffered",
          "IncludeInReport": true,
          "IncludeInMenu": true,
          "Hidden": false,
          "ClientTemplate": "",
          "DataFormatType": "number"
        },
        {
          "Title": "Connects",
          "PropertyName": "Connects",
          "IncludeInReport": true,
          "IncludeInMenu": true,
          "Hidden": false,
          "ClientTemplate": "",
          "DataFormatType": "number"
        },
        {
          "Title": "Connects Per HR",
          "PropertyName": "ConnectsPerHR",
          "IncludeInReport": true,
          "IncludeInMenu": true,
          "Hidden": false,
          "ClientTemplate": "",
          "DataFormatType": "decimal"
        },
        {
          "Title": "RPC",
          "PropertyName": "RPCCount",
          "IncludeInReport": true,
          "IncludeInMenu": true,
          "Hidden": false,
          "ClientTemplate": "",
          "DataFormatType": "number"
        },
        {
          "Title": "RPC Per HR",
          "PropertyName": "RPCPerHR",
          "IncludeInReport": true,
          "IncludeInMenu": true,
          "Hidden": false,
          "ClientTemplate": "",
          "DataFormatType": "decimal"
        },
        {
          "Title": "RPC Per Rate",
          "PropertyName": "RPCPerRate",
          "IncludeInReport": true,
          "IncludeInMenu": true,
          "Hidden": false,
          "ClientTemplate": "",
          "DataFormatType": "decimal"
        },
        {
          "Title": "Close",
          "PropertyName": "CloseCount",
          "IncludeInReport": true,
          "IncludeInMenu": true,
          "Hidden": false,
          "ClientTemplate": "",
          "DataFormatType": "number"
        },
        {
          "Title": "Close Per HR",
          "PropertyName": "ClosePerHR",
          "IncludeInReport": true,
          "IncludeInMenu": true,
          "Hidden": false,
          "ClientTemplate": "",
          "DataFormatType": "decimal"
        },
        {
          "Title": "Manual Calls",
          "PropertyName": "ManualCalls",
          "IncludeInReport": true,
          "IncludeInMenu": true,
          "Hidden": false,
          "ClientTemplate": "",
          "DataFormatType": "number"
        },
        {
          "Title": "Manual Calls Rate",
          "PropertyName": "ManualCallsRate",
          "IncludeInReport": true,
          "IncludeInMenu": true,
          "Hidden": false,
          "ClientTemplate": "",
          "DataFormatType": "decimal"
        },
        {
          "Title": "PTP All Count",
          "PropertyName": "PTPAllCount",
          "IncludeInReport": true,
          "IncludeInMenu": true,
          "Hidden": false,
          "ClientTemplate": "",
          "DataFormatType": "number"
        },
        {
          "Title": "CTC NOPTP All Count",
          "PropertyName": "CTCNOPTPAllCount",
          "IncludeInReport": true,
          "IncludeInMenu": true,
          "Hidden": false,
          "ClientTemplate": "",
          "DataFormatType": "number"
        },
        {
          "Title": "Left Msg Count",
          "PropertyName": "LeftMsgCount",
          "IncludeInReport": true,
          "IncludeInMenu": true,
          "Hidden": false,
          "ClientTemplate": "",
          "DataFormatType": "number"
        },
        {
          "Title": "Line Fail Count",
          "PropertyName": "LineFailCount",
          "IncludeInReport": true,
          "IncludeInMenu": true,
          "Hidden": false,
          "ClientTemplate": "",
          "DataFormatType": "number"
        },
        {
          "Title": "NSP Count",
          "PropertyName": "NSPCount",
          "IncludeInReport": true,
          "IncludeInMenu": true,
          "Hidden": false,
          "ClientTemplate": "",
          "DataFormatType": "number"
        },
        {
          "Title": "No Call All Count",
          "PropertyName": "NoCallAllCount",
          "IncludeInReport": true,
          "IncludeInMenu": true,
          "Hidden": false,
          "ClientTemplate": "",
          "DataFormatType": "number"
        },
        {
          "Title": "Desired Service Level",
          "PropertyName": "DesiredServiceLevel",
          "IncludeInReport": true,
          "IncludeInMenu": true,
          "Hidden": false,
          "ClientTemplate": "",
          "DataFormatType": "decimal"
        },
        {
          "Title": "Actual Service Level",
          "PropertyName": "ActualServiceLevel",
          "IncludeInReport": true,
          "IncludeInMenu": true,
          "Hidden": false,
          "ClientTemplate": "",
          "DataFormatType": "decimal"
        },
        {
          "Title": "Nuisance Count",
          "PropertyName": "NuisanceCount",
          "IncludeInReport": true,
          "IncludeInMenu": true,
          "Hidden": false,
          "ClientTemplate": "",
          "DataFormatType": "number"
        },
        {
          "Title": "Nuisance Rate",
          "PropertyName": "NuisanceRate",
          "IncludeInReport": true,
          "IncludeInMenu": true,
          "Hidden": false,
          "ClientTemplate": "",
          "DataFormatType": "decimal"
        },
        {
          "Title": "Abandoned Rate",
          "PropertyName": "AbandanedRate",
          "IncludeInReport": true,
          "IncludeInMenu": true,
          "Hidden": false,
          "ClientTemplate": "",
          "DataFormatType": "decimal"
        },
        {
          "Title": "Busy Count",
          "PropertyName": "BusyCount",
          "IncludeInReport": true,
          "IncludeInMenu": true,
          "Hidden": false,
          "ClientTemplate": "",
          "DataFormatType": "number"
        },
        {
          "Title": "No Answer Count",
          "PropertyName": "NoAnswerCount",
          "IncludeInReport": true,
          "IncludeInMenu": true,
          "Hidden": false,
          "ClientTemplate": "",
          "DataFormatType": "number"
        },
        {
          "Title": "Voice Mail",
          "PropertyName": "VoiceMail",
          "IncludeInReport": true,
          "IncludeInMenu": true,
          "Hidden": false,
          "ClientTemplate": "",
          "DataFormatType": "number"
        },
        {
          "Title": "Fax Modem",
          "PropertyName": "FaxModem",
          "IncludeInReport": true,
          "IncludeInMenu": true,
          "Hidden": false,
          "ClientTemplate": "",
          "DataFormatType": "number"
        },
        {
          "Title": "Media Server Fail",
          "PropertyName": "MediaServerFail",
          "IncludeInReport": true,
          "IncludeInMenu": true,
          "Hidden": false,
          "ClientTemplate": "",
          "DataFormatType": "number"
        },
        {
          "Title": "Nuisance By User",
          "PropertyName": "NuisanceByUser",
          "IncludeInReport": true,
          "IncludeInMenu": true,
          "Hidden": false,
          "ClientTemplate": "",
          "DataFormatType": "number"
        },
        {
          "Title": "Nuisance By Sys",
          "PropertyName": "NuisanceBySys",
          "IncludeInReport": true,
          "IncludeInMenu": true,
          "Hidden": false,
          "ClientTemplate": "",
          "DataFormatType": "number"
        },
        {
          "Title": "Invalid Number",
          "PropertyName": "InvalidNumber",
          "IncludeInReport": true,
          "IncludeInMenu": true,
          "Hidden": false,
          "ClientTemplate": "",
          "DataFormatType": "number"
        },
        {
          "Title": "Network Refusal",
          "PropertyName": "NetworkRefusal",
          "IncludeInReport": true,
          "IncludeInMenu": true,
          "Hidden": false,
          "ClientTemplate": "",
          "DataFormatType": "number"
        },
        {
          "Title": "SIT Tones",
          "PropertyName": "SITTones",
          "IncludeInReport": true,
          "IncludeInMenu": true,
          "Hidden": false,
          "ClientTemplate": "",
          "DataFormatType": "number"
        },
        {
          "Title": "Reorder Tone Count",
          "PropertyName": "ReorderToneCount",
          "IncludeInReport": true,
          "IncludeInMenu": true,
          "Hidden": false,
          "ClientTemplate": "",
          "DataFormatType": "number"
        },
        {
          "Title": "Desktop Error Count",
          "PropertyName": "DesktopErrorCount",
          "IncludeInReport": true,
          "IncludeInMenu": true,
          "Hidden": false,
          "ClientTemplate": "",
          "DataFormatType": "number"
        },
        {
          "Title": "App Error Count",
          "PropertyName": "AppErrorCount",
          "IncludeInReport": true,
          "IncludeInMenu": true,
          "Hidden": false,
          "ClientTemplate": "",
          "DataFormatType": "number"
        },
        {
          "Title": "Disc By Agent Count",
          "PropertyName": "DisconnectedByAgentCount",
          "IncludeInReport": true,
          "IncludeInMenu": true,
          "Hidden": false,
          "ClientTemplate": "",
          "DataFormatType": "number"
        },
        {
          "Title": "Excluded Count",
          "PropertyName": "ExcludedCount",
          "IncludeInReport": true,
          "IncludeInMenu": true,
          "Hidden": false,
          "ClientTemplate": "",
          "DataFormatType": "number"
        },
        {
          "Title": "No Agent Avail Count",
          "PropertyName": "NoAgentAvailCount",
          "IncludeInReport": true,
          "IncludeInMenu": true,
          "Hidden": false,
          "ClientTemplate": "",
          "DataFormatType": "number"
        },
        {
          "Title": "Restricted By Attempts Count",
          "PropertyName": "RestrictedByAttemptsCount",
          "IncludeInReport": true,
          "IncludeInMenu": true,
          "Hidden": false,
          "ClientTemplate": "",
          "DataFormatType": "number"
        },
        {
          "Title": "Others Restricted Count",
          "PropertyName": "OthersRestrictedCount",
          "IncludeInReport": true,
          "IncludeInMenu": true,
          "Hidden": false,
          "ClientTemplate": "",
          "DataFormatType": "number"
        },
        {
          "Title": "Answer Human Count",
          "PropertyName": "AnswerHumanCount",
          "IncludeInReport": true,
          "IncludeInMenu": true,
          "Hidden": false,
          "ClientTemplate": "",
          "DataFormatType": "number"
        },
        {
          "Title": "Call Answered Count",
          "PropertyName": "CallAnsweredCount",
          "IncludeInReport": true,
          "IncludeInMenu": true,
          "Hidden": false,
          "ClientTemplate": "",
          "DataFormatType": "number"
        },
        {
          "Title": "Reject In Preview Count",
          "PropertyName": "RejectInPreviewCount",
          "IncludeInReport": true,
          "IncludeInMenu": true,
          "Hidden": false,
          "ClientTemplate": "",
          "DataFormatType": "number"
        },
        {
          "Title": "Restricted Dnc Count",
          "PropertyName": "RestrictedDncCount",
          "IncludeInReport": true,
          "IncludeInMenu": true,
          "Hidden": false,
          "ClientTemplate": "",
          "DataFormatType": "number"
        },
        {
          "Title": "Attempt Timeout Count",
          "PropertyName": "AttemptTimeoutCount",
          "IncludeInReport": true,
          "IncludeInMenu": true,
          "Hidden": false,
          "ClientTemplate": "",
          "DataFormatType": "number"
        },
        {
          "Title": "Contact Address Empty Count",
          "PropertyName": "ContactAddressEmptyCount",
          "IncludeInReport": true,
          "IncludeInMenu": true,
          "Hidden": false,
          "ClientTemplate": "",
          "DataFormatType": "number"
        },
        {
          "Title": "Reject due to Attempt Already in Progress Count",
          "PropertyName": "RejectAttemptAlreadyProgressCount",
          "IncludeInReport": true,
          "IncludeInMenu": true,
          "Hidden": false,
          "ClientTemplate": "",
          "DataFormatType": "number"
        },
        {
          "Title": "Callback Postponed Count",
          "PropertyName": "CallbackPostponedCount",
          "IncludeInReport": true,
          "IncludeInMenu": true,
          "Hidden": false,
          "ClientTemplate": "",
          "DataFormatType": "number"
        },
        {
          "Title": "No Answered Count",
          "PropertyName": "NoAnsweredCount",
          "IncludeInReport": true,
          "IncludeInMenu": true,
          "Hidden": false,
          "ClientTemplate": "",
          "DataFormatType": "number"
        },
        {
          "Title": "Contact Attempts",
          "PropertyName": "ContactAttempts",
          "IncludeInReport": true,
          "IncludeInMenu": false,
          "Hidden": true,
          "ClientTemplate": "",
          "DataFormatType": "number"
        }
      ]
    },

    {
      /*Main grid drill second*/
      "Name": "OCMCollectionsPredictiveJobPerformanceSummaryReportDetails",
      "ClientDetailTemplateId": "",
      "ClientDetailTemplateColumn": "",
      "DetailReportName": "",
      "DetailReportColumnNameOne": "",
      "DetailReportColumnNameTwo": "",
      "DetailReportColumnNameThree": "",
      "IsdetailReport": false,
      "SummaryDataButton": false,
      "Selectable": "none", /* cell/row/none*/
      "Change": "empty",
      "DataBound": "onDataBound",
      "ColumnHide": "onDataBound",
      "ColumnShow": "onDataBound",
      "ExcelExport": "validateExportExcel",
      "DetailExpand": "empty",
      "Action": "DrillGridOneData",
      "Controller": "OCMReport",
      "ServerOperation": "",
      "GridAutoResize": "0",
      "PageSize": "10",
      "Identity": [
      ],
      "ReportAutoCompleteSearch": {
      },
      "Columns": [
        {
          "Title": "Date",
          "PropertyName": "Date",
          "IncludeInReport": true,
          "IncludeInMenu": false,
          "Hidden": true,
          "ClientTemplate": "",
          "DataFormatType": "date"
        },
        {
          "Title": "Team",
          "PropertyName": "TeamName",
          "IncludeInReport": true,
          "IncludeInMenu": true,
          "Hidden": false,
          "ClientTemplate": "",
          "DataFormatType": ""
        },
        {
          "Title": "Job Name",
          "PropertyName": "JobName",
          "IncludeInReport": true,
          "IncludeInMenu": true,
          "Hidden": false,
          "ClientTemplate": "",
          "DataFormatType": ""
        },
        {
          "Title": "First Start Date Time",
          "PropertyName": "FirstStartDateTime",
          "IncludeInReport": true,
          "IncludeInMenu": true,
          "Hidden": false,
          "ClientTemplate": "",
          "DataFormatType": "datetime"
        },
        {
          "Title": "Last End Date Time",
          "PropertyName": "LastEndDateTime",
          "IncludeInReport": true,
          "IncludeInMenu": true,
          "Hidden": false,
          "ClientTemplate": "",
          "DataFormatType": "datetime"
        },
        {
          "Title": "Online Time",
          "PropertyName": "OnlineTime",
          "IncludeInReport": true,
          "IncludeInMenu": true,
          "Hidden": false,
          "ClientTemplate": "",
          "DataFormatType": "time"
        },
        {
          "Title": "Record Selected",
          "PropertyName": "RecordSelected",
          "IncludeInReport": true,
          "IncludeInMenu": true,
          "Hidden": false,
          "ClientTemplate": "",
          "DataFormatType": "number"
        },
        {
          "Title": "Call Placed",
          "PropertyName": "CallPlaced",
          "IncludeInReport": true,
          "IncludeInMenu": true,
          "Hidden": false,
          "ClientTemplate": "",
          "DataFormatType": "number"
        },
        {
          "Title": "Call Offered",
          "PropertyName": "CallOffered",
          "IncludeInReport": true,
          "IncludeInMenu": true,
          "Hidden": false,
          "ClientTemplate": "",
          "DataFormatType": "number"
        },
        {
          "Title": "Connects",
          "PropertyName": "Connects",
          "IncludeInReport": true,
          "IncludeInMenu": true,
          "Hidden": false,
          "ClientTemplate": "",
          "DataFormatType": "number"
        },
        {
          "Title": "Connects Per HR",
          "PropertyName": "ConnectsPerHR",
          "IncludeInReport": true,
          "IncludeInMenu": true,
          "Hidden": false,
          "ClientTemplate": "",
          "DataFormatType": "decimal"
        },
        {
          "Title": "RPC",
          "PropertyName": "RPCCount",
          "IncludeInReport": true,
          "IncludeInMenu": true,
          "Hidden": false,
          "ClientTemplate": "",
          "DataFormatType": "number"
        },
        {
          "Title": "RPC Per HR",
          "PropertyName": "RPCPerHR",
          "IncludeInReport": true,
          "IncludeInMenu": true,
          "Hidden": false,
          "ClientTemplate": "",
          "DataFormatType": "decimal"
        },
        {
          "Title": "RPC Per Rate",
          "PropertyName": "RPCPerRate",
          "IncludeInReport": true,
          "IncludeInMenu": true,
          "Hidden": false,
          "ClientTemplate": "",
          "DataFormatType": "decimal"
        },
        {
          "Title": "Close",
          "PropertyName": "CloseCount",
          "IncludeInReport": true,
          "IncludeInMenu": true,
          "Hidden": false,
          "ClientTemplate": "",
          "DataFormatType": "number"
        },
        {
          "Title": "Close Per HR",
          "PropertyName": "ClosePerHR",
          "IncludeInReport": true,
          "IncludeInMenu": true,
          "Hidden": false,
          "ClientTemplate": "",
          "DataFormatType": "decimal"
        },
        {
          "Title": "Manual Calls",
          "PropertyName": "ManualCalls",
          "IncludeInReport": true,
          "IncludeInMenu": true,
          "Hidden": false,
          "ClientTemplate": "",
          "DataFormatType": "number"
        },
        {
          "Title": "Manual Calls Rate",
          "PropertyName": "ManualCallsRate",
          "IncludeInReport": true,
          "IncludeInMenu": true,
          "Hidden": false,
          "ClientTemplate": "",
          "DataFormatType": "decimal"
        },
        {
          "Title": "PTP All Count",
          "PropertyName": "PTPAllCount",
          "IncludeInReport": true,
          "IncludeInMenu": true,
          "Hidden": false,
          "ClientTemplate": "",
          "DataFormatType": "number"
        },
        {
          "Title": "CTC NOPTP All Count",
          "PropertyName": "CTCNOPTPAllCount",
          "IncludeInReport": true,
          "IncludeInMenu": true,
          "Hidden": false,
          "ClientTemplate": "",
          "DataFormatType": "number"
        },
        {
          "Title": "Left Msg Count",
          "PropertyName": "LeftMsgCount",
          "IncludeInReport": true,
          "IncludeInMenu": true,
          "Hidden": false,
          "ClientTemplate": "",
          "DataFormatType": "number"
        },
        {
          "Title": "Line Fail Count",
          "PropertyName": "LineFailCount",
          "IncludeInReport": true,
          "IncludeInMenu": true,
          "Hidden": false,
          "ClientTemplate": "",
          "DataFormatType": "number"
        },
        {
          "Title": "NSP Count",
          "PropertyName": "NSPCount",
          "IncludeInReport": true,
          "IncludeInMenu": true,
          "Hidden": false,
          "ClientTemplate": "",
          "DataFormatType": "number"
        },
        {
          "Title": "No Call All Count",
          "PropertyName": "NoCallAllCount",
          "IncludeInReport": true,
          "IncludeInMenu": true,
          "Hidden": false,
          "ClientTemplate": "",
          "DataFormatType": "number"
        },
        {
          "Title": "Desired Service Level",
          "PropertyName": "DesiredServiceLevel",
          "IncludeInReport": true,
          "IncludeInMenu": true,
          "Hidden": false,
          "ClientTemplate": "",
          "DataFormatType": "decimal"
        },
        {
          "Title": "Actual Service Level",
          "PropertyName": "ActualServiceLevel",
          "IncludeInReport": true,
          "IncludeInMenu": true,
          "Hidden": false,
          "ClientTemplate": "",
          "DataFormatType": "decimal"
        },
        {
          "Title": "Nuisance Count",
          "PropertyName": "NuisanceCount",
          "IncludeInReport": true,
          "IncludeInMenu": true,
          "Hidden": false,
          "ClientTemplate": "",
          "DataFormatType": "number"
        },
        {
          "Title": "Nuisance Rate",
          "PropertyName": "NuisanceRate",
          "IncludeInReport": true,
          "IncludeInMenu": true,
          "Hidden": false,
          "ClientTemplate": "",
          "DataFormatType": "decimal"
        },
        {
          "Title": "Abandoned Rate",
          "PropertyName": "AbandanedRate",
          "IncludeInReport": true,
          "IncludeInMenu": true,
          "Hidden": false,
          "ClientTemplate": "",
          "DataFormatType": "decimal"
        },
        {
          "Title": "Busy Count",
          "PropertyName": "BusyCount",
          "IncludeInReport": true,
          "IncludeInMenu": true,
          "Hidden": false,
          "ClientTemplate": "",
          "DataFormatType": "number"
        },
        {
          "Title": "No Answer Count",
          "PropertyName": "NoAnswerCount",
          "IncludeInReport": true,
          "IncludeInMenu": true,
          "Hidden": false,
          "ClientTemplate": "",
          "DataFormatType": "number"
        },
        {
          "Title": "Voice Mail",
          "PropertyName": "VoiceMail",
          "IncludeInReport": true,
          "IncludeInMenu": true,
          "Hidden": false,
          "ClientTemplate": "",
          "DataFormatType": "number"
        },
        {
          "Title": "Fax Modem",
          "PropertyName": "FaxModem",
          "IncludeInReport": true,
          "IncludeInMenu": true,
          "Hidden": false,
          "ClientTemplate": "",
          "DataFormatType": "number"
        },
        {
          "Title": "Media Server Fail",
          "PropertyName": "MediaServerFail",
          "IncludeInReport": true,
          "IncludeInMenu": true,
          "Hidden": false,
          "ClientTemplate": "",
          "DataFormatType": "number"
        },
        {
          "Title": "Nuisance By User",
          "PropertyName": "NuisanceByUser",
          "IncludeInReport": true,
          "IncludeInMenu": true,
          "Hidden": false,
          "ClientTemplate": "",
          "DataFormatType": "number"
        },
        {
          "Title": "Nuisance By Sys",
          "PropertyName": "NuisanceBySys",
          "IncludeInReport": true,
          "IncludeInMenu": true,
          "Hidden": false,
          "ClientTemplate": "",
          "DataFormatType": "number"
        },
        {
          "Title": "Invalid Number",
          "PropertyName": "InvalidNumber",
          "IncludeInReport": true,
          "IncludeInMenu": true,
          "Hidden": false,
          "ClientTemplate": "",
          "DataFormatType": "number"
        },
        {
          "Title": "Network Refusal",
          "PropertyName": "NetworkRefusal",
          "IncludeInReport": true,
          "IncludeInMenu": true,
          "Hidden": false,
          "ClientTemplate": "",
          "DataFormatType": "number"
        },
        {
          "Title": "SIT Tones",
          "PropertyName": "SITTones",
          "IncludeInReport": true,
          "IncludeInMenu": true,
          "Hidden": false,
          "ClientTemplate": "",
          "DataFormatType": "number"
        },
        {
          "Title": "Reorder Tone Count",
          "PropertyName": "ReorderToneCount",
          "IncludeInReport": true,
          "IncludeInMenu": true,
          "Hidden": false,
          "ClientTemplate": "",
          "DataFormatType": "number"
        },
        {
          "Title": "Desktop Error Count",
          "PropertyName": "DesktopErrorCount",
          "IncludeInReport": true,
          "IncludeInMenu": true,
          "Hidden": false,
          "ClientTemplate": "",
          "DataFormatType": "number"
        },
        {
          "Title": "App Error Count",
          "PropertyName": "AppErrorCount",
          "IncludeInReport": true,
          "IncludeInMenu": true,
          "Hidden": false,
          "ClientTemplate": "",
          "DataFormatType": "number"
        },
        {
          "Title": "Disc By Agent Count",
          "PropertyName": "DisconnectedByAgentCount",
          "IncludeInReport": true,
          "IncludeInMenu": true,
          "Hidden": false,
          "ClientTemplate": "",
          "DataFormatType": "number"
        },
        {
          "Title": "Excluded Count",
          "PropertyName": "ExcludedCount",
          "IncludeInReport": true,
          "IncludeInMenu": true,
          "Hidden": false,
          "ClientTemplate": "",
          "DataFormatType": "number"
        },
        {
          "Title": "No Agent Avail Count",
          "PropertyName": "NoAgentAvailCount",
          "IncludeInReport": true,
          "IncludeInMenu": true,
          "Hidden": false,
          "ClientTemplate": "",
          "DataFormatType": "number"
        },
        {
          "Title": "Restricted By Attempts Count",
          "PropertyName": "RestrictedByAttemptsCount",
          "IncludeInReport": true,
          "IncludeInMenu": true,
          "Hidden": false,
          "ClientTemplate": "",
          "DataFormatType": "number"
        },
        {
          "Title": "Others Restricted Count",
          "PropertyName": "OthersRestrictedCount",
          "IncludeInReport": true,
          "IncludeInMenu": true,
          "Hidden": false,
          "ClientTemplate": "",
          "DataFormatType": "number"
        },
        {
          "Title": "Answer Human Count",
          "PropertyName": "AnswerHumanCount",
          "IncludeInReport": true,
          "IncludeInMenu": true,
          "Hidden": false,
          "ClientTemplate": "",
          "DataFormatType": "number"
        },
        {
          "Title": "Call Answered Count",
          "PropertyName": "CallAnsweredCount",
          "IncludeInReport": true,
          "IncludeInMenu": true,
          "Hidden": false,
          "ClientTemplate": "",
          "DataFormatType": "number"
        },
        {
          "Title": "Reject In Preview Count",
          "PropertyName": "RejectInPreviewCount",
          "IncludeInReport": true,
          "IncludeInMenu": true,
          "Hidden": false,
          "ClientTemplate": "",
          "DataFormatType": "number"
        },
        {
          "Title": "Restricted Dnc Count",
          "PropertyName": "RestrictedDncCount",
          "IncludeInReport": true,
          "IncludeInMenu": true,
          "Hidden": false,
          "ClientTemplate": "",
          "DataFormatType": "number"
        },
        {
          "Title": "Attempt Timeout Count",
          "PropertyName": "AttemptTimeoutCount",
          "IncludeInReport": true,
          "IncludeInMenu": true,
          "Hidden": false,
          "ClientTemplate": "",
          "DataFormatType": "number"
        },
        {
          "Title": "Contact Address Empty Count",
          "PropertyName": "ContactAddressEmptyCount",
          "IncludeInReport": true,
          "IncludeInMenu": true,
          "Hidden": false,
          "ClientTemplate": "",
          "DataFormatType": "number"
        },
        {
          "Title": "Reject due to Attempt Already in Progress Count",
          "PropertyName": "RejectAttemptAlreadyProgressCount",
          "IncludeInReport": true,
          "IncludeInMenu": true,
          "Hidden": false,
          "ClientTemplate": "",
          "DataFormatType": "number"
        },
        {
          "Title": "Callback Postponed Count",
          "PropertyName": "CallbackPostponedCount",
          "IncludeInReport": true,
          "IncludeInMenu": true,
          "Hidden": false,
          "ClientTemplate": "",
          "DataFormatType": "number"
        },
        {
          "Title": "No Answered Count",
          "PropertyName": "NoAnsweredCount",
          "IncludeInReport": true,
          "IncludeInMenu": true,
          "Hidden": false,
          "ClientTemplate": "",
          "DataFormatType": "number"
        },
        {
          "Title": "Contact Attempts",
          "PropertyName": "ContactAttempts",
          "IncludeInReport": true,
          "IncludeInMenu": false,
          "Hidden": true,
          "ClientTemplate": "",
          "DataFormatType": "number"
        }
      ]
    },
    {
      /*Main grid drill first*/
      "Name": "",
      "ClientDetailTemplateId": "",
      "ClientDetailTemplateColumn": "",
      "DetailReportName": "",
      "DetailReportColumnNameOne": "",
      "DetailReportColumnNameTwo": "",
      "DetailReportColumnNameThree": "",
      "IsdetailReport": false,
      "SummaryDataButton": false,
      "Selectable": "", /* cell/row/none*/
      "Change": "",
      "DataBound": "",
      "ColumnHide": "",
      "ColumnShow": "",
      "ExcelExport": "",
      "DetailExpand": "",
      "Action": "",
      "Controller": "",
      "DataParameter": "",
      "ServerOperation": "",
      "GridAutoResize": "1",
      "PageSize": "10",
      "Identity": [
      ],
      "ReportAutoCompleteSearch": {
      },
      "Columns": [

      ]
    },
    {
      /*Main grid drill third*/
      "Name": "",
      "ClientDetailTemplateId": "",
      "ClientDetailTemplateColumn": "",
      "DetailReportName": "",
      "DetailReportColumnNameOne": "",
      "DetailReportColumnNameTwo": "",
      "DetailReportColumnNameThree": "",
      "IsdetailReport": false,
      "SummaryDataButton": false,
      "Selectable": "", /* cell/row/none*/
      "Change": "",
      "DataBound": "",
      "ColumnHide": "",
      "ColumnShow": "",
      "ExcelExport": "",
      "DetailExpand": "",
      "Action": "",
      "Controller": "",
      "DataParameter": "",
      "ServerOperation": "",
      "GridAutoResize": "1",
      "PageSize": "10",
      "Identity": [
      ],
      "ReportAutoCompleteSearch": {
      },
      "Columns": [

      ]
    }
  ]
}
