{
  "JsonVersioningDetails": {
    "FileName": "OCMDirectBankingWebChatMISReportServiceQualityChatNature.json",
    "Location": "Reports",
    "Version": "4.1.12.30",
    "LastModifiedDateTime": "09-01-2023 10:30:00 AM",
    "LastModifiedBy": "Sonal",
    "Description": "Moved from ocm to ocm_custom"
  },
  "ReportName": "OCM Direct Banking WebChat MIS Report Service Quality - Chat Nature",
  "Grid": [
    {
      /*Main Grid*/
      "Name": "OCMDirectBankingWebChatMISReportServiceQualityChatNature",
      "ClientDetailTemplateId": "",
      "ClientDetailTemplateColumn": "",
      "DetailReportName": "OCMDirectBankingWebChatMISReportServiceQualityChatNatureInterval",
      "DetailReportColumnNameOne": "Date",
      "DetailReportColumnNameTwo": "",
      "DetailReportColumnNameThree": "",
      "IsdetailReport": true,
      "SummaryDataButton": false,
      "Selectable": "row", /* cell/row/none*/
      "Change": "onChangeGridOne",
      "DataBound": "OnMultiColumnGridDataBound",
      "ColumnHide": "OnMultiColumnGridDataBound",
      "ColumnShow": "OnMultiColumnGridDataBound",
      "ExcelExport": "validateExportExcel",
      "DetailExpand": "empty",
      "Action": "GetGridData",
      "Controller": "OCMReport",
      "DataParameter": "",
      "ServerOperation": "",
      "GridAutoResize": "0",
      "PageSize": "10",
      "Identity": [
        {
          "ColumnName": "All",
          "Header": "Direct Banking Web Chat MIS Report Service Quality Chat Nature for Day: "
        }
      ],
      "ReportAutoCompleteSearch": {
      },
      "Columns": [
        {
          "Title": "Date",
          "PropertyName": "Date",
          "IncludeInReport": true,
          "IncludeInMenu": true,
          "Hidden": false,
          "ClientTemplate": "",
          "DataFormatType": "",
          "ColumnType": "Bound"
        },
        {
          "Title": "Deposit Account Opening - Process",
          "PropertyName": "DepositAccountopeningprocess",
          "IncludeInReport": true,
          "IncludeInMenu": true,
          "Hidden": false,
          "ClientTemplate": "",
          "DataFormatType": "",
          "ColumnType": "Bound"
        },
        {
          "Title": "Deposit Account Opening - Offers",
          "PropertyName": "DepositAccountopeningoffers",
          "IncludeInReport": true,
          "IncludeInMenu": true,
          "Hidden": false,
          "ClientTemplate": "",
          "DataFormatType": "",
          "ColumnType": "Bound"
        },
        {
          "Title": "Deposit Account Opening - Unsuccessful",
          "PropertyName": "DepositAccountopeningunsuccessful",
          "IncludeInReport": true,
          "IncludeInMenu": true,
          "Hidden": false,
          "ClientTemplate": "",
          "DataFormatType": "",
          "ColumnType": "Bound"
        },
        {
          "Title": "Securities Services Related",
          "PropertyName": "SecuritiesServicesRelated",
          "IncludeInReport": true,
          "IncludeInMenu": true,
          "Hidden": false,
          "ClientTemplate": "",
          "DataFormatType": "",
          "ColumnType": "Bound"
        },
        {
          "Title": "Investment Account Related",
          "PropertyName": "InvestmentAccountRelated",
          "IncludeInReport": true,
          "IncludeInMenu": true,
          "Hidden": false,
          "ClientTemplate": "",
          "DataFormatType": "",
          "ColumnType": "Bound"
        },
        {
          "Title": "Acquisition - Banking",
          "PropertyName": "AcquisitionBanking",
          "IncludeInReport": true,
          "IncludeInMenu": true,
          "Hidden": false,
          "ClientTemplate": "",
          "DataFormatType": "",
          "ColumnType": "Bound"
        },
        {
          "Title": "Acquisition - Credit Card",
          "PropertyName": "AcquisitionCreditCard",
          "IncludeInReport": true,
          "IncludeInMenu": true,
          "Hidden": false,
          "ClientTemplate": "",
          "DataFormatType": "",
          "ColumnType": "Bound"
        },
        {
          "Title": "Wealth Management Products",
          "PropertyName": "WealthManagementProducts",
          "IncludeInReport": true,
          "IncludeInMenu": true,
          "Hidden": false,
          "ClientTemplate": "",
          "DataFormatType": "",
          "ColumnType": "Bound"
        },
        {
          "Title": "Securities",
          "PropertyName": "Securities",
          "IncludeInReport": true,
          "IncludeInMenu": true,
          "Hidden": false,
          "ClientTemplate": "",
          "DataFormatType": "",
          "ColumnType": "Bound"
        },
        {
          "Title": "Credit Card",
          "PropertyName": "CreditCard",
          "IncludeInReport": true,
          "IncludeInMenu": true,
          "Hidden": false,
          "ClientTemplate": "",
          "DataFormatType": "",
          "ColumnType": "Bound"
        },
        {
          "Title": "Account Opening",
          "PropertyName": "AccountOpening",
          "IncludeInReport": true,
          "IncludeInMenu": true,
          "Hidden": false,
          "ClientTemplate": "",
          "DataFormatType": "",
          "ColumnType": "Bound"
        },
        {
          "Title": "Complaint",
          "PropertyName": "Complaint",
          "IncludeInReport": true,
          "IncludeInMenu": true,
          "Hidden": false,
          "ClientTemplate": "",
          "DataFormatType": "",
          "ColumnType": "Bound"
        },
        {
          "Title": "Customer Feedback",
          "PropertyName": "CustomerFeedback",
          "IncludeInReport": true,
          "IncludeInMenu": true,
          "Hidden": false,
          "ClientTemplate": "",
          "DataFormatType": "",
          "ColumnType": "Bound"
        },
        {
          "Title": "Compliment",
          "PropertyName": "Compliment",
          "IncludeInReport": true,
          "IncludeInMenu": true,
          "Hidden": false,
          "ClientTemplate": "",
          "DataFormatType": "",
          "ColumnType": "Bound"
        }
      ]
    },
    {
      /*Main grid drill second*/
      "Name": "",
      "ClientDetailTemplateId": "",
      "ClientDetailTemplateColumn": "",
      "DetailReportName": "",
      "DetailReportColumnNameOne": "",
      "DetailReportColumnNameTwo": "",
      "DetailReportColumnNameThree": "",
      "IsdetailReport": false,
      "SummaryDataButton": false,
      "Selectable": "", /* cell/row/none*/
      "Change": "",
      "DataBound": "",
      "ColumnHide": "",
      "ColumnShow": "",
      "ExcelExport": "",
      "DetailExpand": "",
      "Action": "",
      "Controller": "",
      "ServerOperation": "",
      "GridAutoResize": "1",
      "PageSize": "10",
      "Identity": [

      ],
      "ReportAutoCompleteSearch": {
      },
      "Columns": [

      ]
    },
    {
      /*Main Grid*/
      "Name": "OCMDirectBankingWebChatMISReportServiceQualityChatNatureInterval",
      "ClientDetailTemplateId": "",
      "ClientDetailTemplateColumn": "",
      "DetailReportName": "",
      "DetailReportColumnNameOne": "",
      "DetailReportColumnNameTwo": "",
      "DetailReportColumnNameThree": "",
      "IsdetailReport": false,
      "SummaryDataButton": false,
      "Selectable": "none", /* cell/row/none*/
      "Change": "empty",
      "DataBound": "OnMultiColumnGridDataBound",
      "ColumnHide": "OnMultiColumnGridDataBound",
      "ColumnShow": "OnMultiColumnGridDataBound",
      "ExcelExport": "validateExportExcel",
      "DetailExpand": "empty",
      "Action": "DrillGridOneData",
      "Controller": "OCMReport",
      "DataParameter": "",
      "ServerOperation": "",
      "GridAutoResize": "0",
      "PageSize": "26",
      "Identity": [],
      "ReportAutoCompleteSearch": {
      },
      "Columns": [
        {
          "Title": "Date",
          "PropertyName": "Date",
          "IncludeInReport": true,
          "IncludeInMenu": true,
          "Hidden": false,
          "ClientTemplate": "",
          "DataFormatType": "",
          "ColumnType": "Bound"
        },
        {
          "Title": "Time Interval",
          "PropertyName": "Interval",
          "IncludeInReport": true,
          "IncludeInMenu": true,
          "Hidden": false,
          "ClientTemplate": "",
          "DataFormatType": "",
          "ColumnType": "Bound"
        },
        {
          "Title": "Deposit Account Opening - Process",
          "PropertyName": "DepositAccountopeningprocess",
          "IncludeInReport": true,
          "IncludeInMenu": true,
          "Hidden": false,
          "ClientTemplate": "",
          "DataFormatType": "",
          "ColumnType": "Bound"
        },
        {
          "Title": "Deposit Account Opening - Offers",
          "PropertyName": "DepositAccountopeningoffers",
          "IncludeInReport": true,
          "IncludeInMenu": true,
          "Hidden": false,
          "ClientTemplate": "",
          "DataFormatType": "",
          "ColumnType": "Bound"
        },
        {
          "Title": "Deposit Account Opening - Unsuccessful",
          "PropertyName": "DepositAccountopeningunsuccessful",
          "IncludeInReport": true,
          "IncludeInMenu": true,
          "Hidden": false,
          "ClientTemplate": "",
          "DataFormatType": "",
          "ColumnType": "Bound"
        },
        {
          "Title": "Securities Services Related",
          "PropertyName": "SecuritiesServicesRelated",
          "IncludeInReport": true,
          "IncludeInMenu": true,
          "Hidden": false,
          "ClientTemplate": "",
          "DataFormatType": "",
          "ColumnType": "Bound"
        },
        {
          "Title": "Investment Account Related",
          "PropertyName": "InvestmentAccountRelated",
          "IncludeInReport": true,
          "IncludeInMenu": true,
          "Hidden": false,
          "ClientTemplate": "",
          "DataFormatType": "",
          "ColumnType": "Bound"
        },
        {
          "Title": "Acquisition - Banking",
          "PropertyName": "AcquisitionBanking",
          "IncludeInReport": true,
          "IncludeInMenu": true,
          "Hidden": false,
          "ClientTemplate": "",
          "DataFormatType": "",
          "ColumnType": "Bound"
        },
        {
          "Title": "Acquisition - Credit Card",
          "PropertyName": "AcquisitionCreditCard",
          "IncludeInReport": true,
          "IncludeInMenu": true,
          "Hidden": false,
          "ClientTemplate": "",
          "DataFormatType": "",
          "ColumnType": "Bound"
        },
        {
          "Title": "Wealth Management Products",
          "PropertyName": "WealthManagementProducts",
          "IncludeInReport": true,
          "IncludeInMenu": true,
          "Hidden": false,
          "ClientTemplate": "",
          "DataFormatType": "",
          "ColumnType": "Bound"
        },
        {
          "Title": "Securities",
          "PropertyName": "Securities",
          "IncludeInReport": true,
          "IncludeInMenu": true,
          "Hidden": false,
          "ClientTemplate": "",
          "DataFormatType": "",
          "ColumnType": "Bound"
        },
        {
          "Title": "Credit Card",
          "PropertyName": "CreditCard",
          "IncludeInReport": true,
          "IncludeInMenu": true,
          "Hidden": false,
          "ClientTemplate": "",
          "DataFormatType": "",
          "ColumnType": "Bound"
        },
        {
          "Title": "Account Opening",
          "PropertyName": "AccountOpening",
          "IncludeInReport": true,
          "IncludeInMenu": true,
          "Hidden": false,
          "ClientTemplate": "",
          "DataFormatType": "",
          "ColumnType": "Bound"
        },
        {
          "Title": "Complaint",
          "PropertyName": "Complaint",
          "IncludeInReport": true,
          "IncludeInMenu": true,
          "Hidden": false,
          "ClientTemplate": "",
          "DataFormatType": "",
          "ColumnType": "Bound"
        },
        {
          "Title": "Customer Feedback",
          "PropertyName": "CustomerFeedback",
          "IncludeInReport": true,
          "IncludeInMenu": true,
          "Hidden": false,
          "ClientTemplate": "",
          "DataFormatType": "",
          "ColumnType": "Bound"
        },
        {
          "Title": "Compliment",
          "PropertyName": "Compliment",
          "IncludeInReport": true,
          "IncludeInMenu": true,
          "Hidden": false,
          "ClientTemplate": "",
          "DataFormatType": "",
          "ColumnType": "Bound"
        }
      ]
    },
    {
      /*Main Grid Client Template*/
      "Name": "",
      "ClientDetailTemplateId": "",
      "ClientDetailTemplateColumn": "",
      "DetailReportName": "",
      "DetailReportColumnNameOne": "",
      "DetailReportColumnNameTwo": "",
      "DetailReportColumnNameThree": "",
      "IsdetailReport": false,
      "SummaryDataButton": false,
      "Selectable": "", /* cell/row/none*/
      "Change": "",
      "DataBound": "",
      "ColumnHide": "",
      "ColumnShow": "",
      "ExcelExport": "",
      "DetailExpand": "",
      "Action": "",
      "Controller": "",
      "DataParameter": "",
      "ServerOperation": "",
      "GridAutoResize": "1",
      "PageSize": "24",
      "Identity": [
        {
          "ColumnName": "",
          "Header": ""
        }
      ],
      "ReportAutoCompleteSearch": {
      },
      "Columns": [
        {
          "Title": "",
          "PropertyName": "",
          "IncludeInReport": true,
          "IncludeInMenu": true,
          "Hidden": false,
          "ClientTemplate": "",
          "DataFormatType": ""
        }
      ]
    },
    {
      /*Main grid drill second*/
      "Name": "",
      "ClientDetailTemplateId": "",
      "ClientDetailTemplateColumn": "",
      "DetailReportName": "",
      "DetailReportColumnName": "",
      "IsdetailReport": false,
      "SummaryDataButton": false,
      "Selectable": "", /* cell/row/none*/
      "Change": "",
      "DataBound": "",
      "ColumnHide": "",
      "ColumnShow": "",
      "ExcelExport": "",
      "DetailExpand": "",
      "Action": "",
      "Controller": "",
      "DataParameter": "",
      "ServerOperation": "",
      "GridAutoResize": "1",
      "PageSize": "10",
      "Identity": [],
      "ReportAutoCompleteSearch": {},
      "Columns": []
    }
  ]
}