{
  "JsonVersioningDetails": {
    "FileName": "OCMDirectBankingWebChatMISReportServiceQualityQuestions.json",
    "Location": "Reports",
    "Version": "4.1.12.30",
    "LastModifiedDateTime": "09-01-2023 10:30:00 AM",
    "LastModifiedBy": "Sonal",
    "Description": "Moved from ocm to ocm_custom"
  },
  "ReportName": "OCM Direct Banking WebChat MIS Report Service Quality Questions",
  "Grid": [
    {
      /*Main Grid*/
      "Name": "OCMDirectBankingWebChatMISReportServiceQualityQuestions",
      "ClientDetailTemplateId": "",
      "ClientDetailTemplateColumn": "",
      "DetailReportName": "OCMDirectBankingWebChatMISReportServiceQualityQuestionsInterval",
      "DetailReportColumnNameOne": "Date",
      "DetailReportColumnNameTwo": "",
      "DetailReportColumnNameThree": "",
      "IsdetailReport": true,
      "SummaryDataButton": false,
      "Selectable": "row", /* cell/row/none*/
      "Change": "onChangeGridOne",
      "DataBound": "OnMultiColumnGridDataBound",
      "ColumnHide": "OnMultiColumnGridDataBound",
      "ColumnShow": "OnMultiColumnGridDataBound",
      "ExcelExport": "validateExportExcel",
      "DetailExpand": "empty",
      "Action": "GetGridData",
      "Controller": "OCMReport",
      "DataParameter": "",
      "ServerOperation": "",
      "GridAutoResize": "0",
      "PageSize": "10",
      "Identity": [
        {
          "ColumnName": "All",
          "Header": "Direct Banking Web Chat MIS Report Service Quality Questions for Day: "
        }
      ],
      "ReportAutoCompleteSearch": {
      },
      "Columns": [
        {
          "Title": "Date",
          "PropertyName": "Date",
          "IncludeInReport": true,
          "IncludeInMenu": true,
          "Hidden": false,
          "ClientTemplate": "",
          "DataFormatType": "",
          "ColumnType": "Bound"
        },

        {
          "Title": "No. of Login Agent",
          "PropertyName": "NoofLoginAgent",
          "IncludeInReport": true,
          "IncludeInMenu": true,
          "Hidden": false,
          "ClientTemplate": "",
          "DataFormatType": "",
          "ColumnType": "Bound"
        },
        {
          "Title": "1 Enquiry",
          "PropertyName": "1Enquiry",
          "IncludeInReport": true,
          "IncludeInMenu": true,
          "Hidden": false,
          "ClientTemplate": "",
          "DataFormatType": "",
          "ColumnType": "Group",
          "ColumnGroup": [
            {
              "Title": "1 Enq - Total # Picked",
              "PropertyName": "FirstEnquiryTotalChatPicked",
              "IncludeInReport": true,
              "IncludeInMenu": true,
              "Hidden": false,
              "ClientTemplate": "",
              "DataFormatType": "",
              "ColumnType": "Bound"
            },
            {
              "Title": "1 Enq - % of Total",
              "PropertyName": "FirstEnquiryTotalPercentage",
              "IncludeInReport": true,
              "IncludeInMenu": true,
              "Hidden": false,
              "ClientTemplate": "",
              "DataFormatType": "",
              "ColumnType": "Bound"
            },
            {
              "Title": "1 Enq - Total Chat time",
              "PropertyName": "FirstEnquiryTotalChatTime",
              "IncludeInReport": true,
              "IncludeInMenu": true,
              "Hidden": false,
              "ClientTemplate": "",
              "DataFormatType": "",
              "ColumnType": "Bound"
            },
            {
              "Title": "1 Enq - Average Chat time",
              "PropertyName": "FirstEnquiryAvgChatTime",
              "IncludeInReport": true,
              "IncludeInMenu": true,
              "Hidden": false,
              "ClientTemplate": "",
              "DataFormatType": "",
              "ColumnType": "Bound"
            },
            {
              "Title": "1 Enq - # of case  picked </ = 15 sec",
              "PropertyName": "FirstEnquiryCasePickedLess15Sec",
              "IncludeInReport": true,
              "IncludeInMenu": true,
              "Hidden": false,
              "ClientTemplate": "",
              "DataFormatType": "",
              "ColumnType": "Bound"
            },
            {
              "Title": "1 Enq - # of case picked > 15 sec",
              "PropertyName": "FirstEnquiryCasePickedGreater15Sec",
              "IncludeInReport": true,
              "IncludeInMenu": true,
              "Hidden": false,
              "ClientTemplate": "",
              "DataFormatType": "",
              "ColumnType": "Bound"
            }
          ]
        },
        {
          "Title": "2 Enquiries",
          "PropertyName": "2Enquiry",
          "IncludeInReport": true,
          "IncludeInMenu": true,
          "Hidden": false,
          "ClientTemplate": "",
          "DataFormatType": "",
          "ColumnType": "Group",
          "ColumnGroup": [
            {
              "Title": "2 Enq - Total # Picked",
              "PropertyName": "SecondEnquiryTotalChatPicked",
              "IncludeInReport": true,
              "IncludeInMenu": true,
              "Hidden": false,
              "ClientTemplate": "",
              "DataFormatType": "",
              "ColumnType": "Bound"
            },
            {
              "Title": "2 Enq - % of Total",
              "PropertyName": "SecondEnquiryTotalPercentage",
              "IncludeInReport": true,
              "IncludeInMenu": true,
              "Hidden": false,
              "ClientTemplate": "",
              "DataFormatType": "",
              "ColumnType": "Bound"
            },
            {
              "Title": "2 Enq - Total Chat time",
              "PropertyName": "SecondEnquiryTotalChatTime",
              "IncludeInReport": true,
              "IncludeInMenu": true,
              "Hidden": false,
              "ClientTemplate": "",
              "DataFormatType": "",
              "ColumnType": "Bound"
            },
            {
              "Title": "2 Enq - Average Chat time",
              "PropertyName": "SecondEnquiryAvgChatTime",
              "IncludeInReport": true,
              "IncludeInMenu": true,
              "Hidden": false,
              "ClientTemplate": "",
              "DataFormatType": "",
              "ColumnType": "Bound"
            },
            {
              "Title": "2 Enq - # of case  picked </ = 15 sec",
              "PropertyName": "SecondEnquiryCasePickedLess15Sec",
              "IncludeInReport": true,
              "IncludeInMenu": true,
              "Hidden": false,
              "ClientTemplate": "",
              "DataFormatType": "",
              "ColumnType": "Bound"
            },
            {
              "Title": "2 Enq - # of case picked > 15 sec",
              "PropertyName": "SecondEnquiryCasePickedGreater15Sec",
              "IncludeInReport": true,
              "IncludeInMenu": true,
              "Hidden": false,
              "ClientTemplate": "",
              "DataFormatType": "",
              "ColumnType": "Bound"
            }
          ]
        },
        {
          "Title": "3 Enquiries",
          "PropertyName": "3Enquiry",
          "IncludeInReport": true,
          "IncludeInMenu": true,
          "Hidden": false,
          "ClientTemplate": "",
          "DataFormatType": "",
          "ColumnType": "Group",
          "ColumnGroup": [
            {
              "Title": "3 Enq - Total # Picked",
              "PropertyName": "ThirdEnquiryTotalChatPicked",
              "IncludeInReport": true,
              "IncludeInMenu": true,
              "Hidden": false,
              "ClientTemplate": "",
              "DataFormatType": "",
              "ColumnType": "Bound"
            },
            {
              "Title": "3 Enq - % of Total",
              "PropertyName": "ThirdEnquiryTotalPercentage",
              "IncludeInReport": true,
              "IncludeInMenu": true,
              "Hidden": false,
              "ClientTemplate": "",
              "DataFormatType": "",
              "ColumnType": "Bound"
            },
            {
              "Title": "3 Enq - Total Chat time",
              "PropertyName": "ThirdEnquiryTotalChatTime",
              "IncludeInReport": true,
              "IncludeInMenu": true,
              "Hidden": false,
              "ClientTemplate": "",
              "DataFormatType": "",
              "ColumnType": "Bound"
            },
            {
              "Title": "3 Enq - Average Chat time",
              "PropertyName": "ThirdEnquiryAvgChatTime",
              "IncludeInReport": true,
              "IncludeInMenu": true,
              "Hidden": false,
              "ClientTemplate": "",
              "DataFormatType": "",
              "ColumnType": "Bound"
            },
            {
              "Title": "3 Enq - # of case  picked </ = 15 sec",
              "PropertyName": "ThirdEnquiryCasePickedLess15Sec",
              "IncludeInReport": true,
              "IncludeInMenu": true,
              "Hidden": false,
              "ClientTemplate": "",
              "DataFormatType": "",
              "ColumnType": "Bound"
            },
            {
              "Title": "3 Enq - # of case picked > 15 sec",
              "PropertyName": "ThirdEnquiryCasePickedGreater15Sec",
              "IncludeInReport": true,
              "IncludeInMenu": true,
              "Hidden": false,
              "ClientTemplate": "",
              "DataFormatType": "",
              "ColumnType": "Bound"
            }
          ]
        },
        {
          "Title": "More than 3 Enquiries",
          "PropertyName": "MoreEnquiry",
          "IncludeInReport": true,
          "IncludeInMenu": true,
          "Hidden": false,
          "ClientTemplate": "",
          "DataFormatType": "",
          "ColumnType": "Group",
          "ColumnGroup": [
            {
              "Title": "More than 3 Enq - Total # Picked",
              "PropertyName": "MoreEnquiryTotalChatPicked",
              "IncludeInReport": true,
              "IncludeInMenu": true,
              "Hidden": false,
              "ClientTemplate": "",
              "DataFormatType": "",
              "ColumnType": "Bound"
            },
            {
              "Title": "More than 3 Enq - % of Total",
              "PropertyName": "MoreEnquiryTotalPercentage",
              "IncludeInReport": true,
              "IncludeInMenu": true,
              "Hidden": false,
              "ClientTemplate": "",
              "DataFormatType": "",
              "ColumnType": "Bound"
            },
            {
              "Title": "More than 3 Enq - Total Chat time",
              "PropertyName": "MoreEnquiryTotalChatTime",
              "IncludeInReport": true,
              "IncludeInMenu": true,
              "Hidden": false,
              "ClientTemplate": "",
              "DataFormatType": "",
              "ColumnType": "Bound"
            },
            {
              "Title": "More than 3 Enq - Average Chat time",
              "PropertyName": "MoreEnquiryAvgChatTime",
              "IncludeInReport": true,
              "IncludeInMenu": true,
              "Hidden": false,
              "ClientTemplate": "",
              "DataFormatType": "",
              "ColumnType": "Bound"
            },
            {
              "Title": "More than 3 Enq - # of case  picked </ = 15 sec",
              "PropertyName": "MoreEnquiryCasePickedLess15Sec",
              "IncludeInReport": true,
              "IncludeInMenu": true,
              "Hidden": false,
              "ClientTemplate": "",
              "DataFormatType": "",
              "ColumnType": "Bound"
            },
            {
              "Title": "More than 3 Enq - # of case picked > 15 sec",
              "PropertyName": "MoreEnquiryCasePickedGreater15Sec",
              "IncludeInReport": true,
              "IncludeInMenu": true,
              "Hidden": false,
              "ClientTemplate": "",
              "DataFormatType": "",
              "ColumnType": "Bound"
            }
          ]
        }
      ]
    },
    {
      /*Main Grid Client Template*/
      "Name": "",
      "ClientDetailTemplateId": "",
      "ClientDetailTemplateColumn": "",
      "DetailReportName": "",
      "DetailReportColumnNameOne": "",
      "DetailReportColumnNameTwo": "",
      "DetailReportColumnNameThree": "",
      "IsdetailReport": false,
      "SummaryDataButton": false,
      "Selectable": "none", /* cell/row/none*/
      "Change": "",
      "DataBound": "",
      "ColumnHide": "",
      "ColumnShow": "",
      "ExcelExport": "",
      "DetailExpand": "",
      "Action": "",
      "Controller": "",
      "DataParameter": "",
      "ServerOperation": "",
      "GridAutoResize": "1",
      "PageSize": "10",
      "Identity": [],
      "ReportAutoCompleteSearch": {
      },
      "Columns": [
      ]
    },
    {
      /*Main Grid*/
      "Name": "OCMDirectBankingWebChatMISReportServiceQualityQuestionsInterval",
      "ClientDetailTemplateId": "",
      "ClientDetailTemplateColumn": "",
      "DetailReportName": "",
      "DetailReportColumnNameOne": "",
      "DetailReportColumnNameTwo": "",
      "DetailReportColumnNameThree": "",
      "IsdetailReport": false,
      "SummaryDataButton": false,
      "Selectable": "none", /* cell/row/none*/
      "Change": "empty",
      "DataBound": "OnMultiColumnGridDataBound",
      "ColumnHide": "OnMultiColumnGridDataBound",
      "ColumnShow": "OnMultiColumnGridDataBound",
      "ExcelExport": "validateExportExcel",
      "DetailExpand": "empty",
      "Action": "DrillGridOneData",
      "Controller": "OCMReport",
      "DataParameter": "",
      "ServerOperation": "",
      "GridAutoResize": "0",
      "PageSize": "26",
      "Identity": [
      ],
      "ReportAutoCompleteSearch": {
      },
      "Columns": [
        {
          "Title": "Date",
          "PropertyName": "Date",
          "IncludeInReport": true,
          "IncludeInMenu": false,
          "Hidden": true,
          "ClientTemplate": "",
          "DataFormatType": "",
          "ColumnType": "Bound"
        },
        {
          "Title": "Interval",
          "PropertyName": "Interval",
          "IncludeInReport": true,
          "IncludeInMenu": true,
          "Hidden": false,
          "ClientTemplate": "",
          "DataFormatType": "",
          "ColumnType": "Bound"
        },

        {
          "Title": "No. of Login Agent",
          "PropertyName": "NoofLoginAgent",
          "IncludeInReport": true,
          "IncludeInMenu": true,
          "Hidden": false,
          "ClientTemplate": "",
          "DataFormatType": "",
          "ColumnType": "Bound"
        },
        {
          "Title": "1 Enquiry",
          "PropertyName": "1Enquiry",
          "IncludeInReport": true,
          "IncludeInMenu": true,
          "Hidden": false,
          "ClientTemplate": "",
          "DataFormatType": "",
          "ColumnType": "Group",
          "ColumnGroup": [
            {
              "Title": "1 Enq - Total # Picked",
              "PropertyName": "FirstEnquiryTotalChatPicked",
              "IncludeInReport": true,
              "IncludeInMenu": true,
              "Hidden": false,
              "ClientTemplate": "",
              "DataFormatType": "",
              "ColumnType": "Bound"
            },
            {
              "Title": "1 Enq - % of Total",
              "PropertyName": "FirstEnquiryTotalPercentage",
              "IncludeInReport": true,
              "IncludeInMenu": true,
              "Hidden": false,
              "ClientTemplate": "",
              "DataFormatType": "",
              "ColumnType": "Bound"
            },
            {
              "Title": "1 Enq - Total Chat time",
              "PropertyName": "FirstEnquiryTotalChatTime",
              "IncludeInReport": true,
              "IncludeInMenu": true,
              "Hidden": false,
              "ClientTemplate": "",
              "DataFormatType": "",
              "ColumnType": "Bound"
            },
            {
              "Title": "1 Enq - Average Chat time",
              "PropertyName": "FirstEnquiryAvgChatTime",
              "IncludeInReport": true,
              "IncludeInMenu": true,
              "Hidden": false,
              "ClientTemplate": "",
              "DataFormatType": "",
              "ColumnType": "Bound"
            },
            {
              "Title": "1 Enq - # of case  picked </ = 15 sec",
              "PropertyName": "FirstEnquiryCasePickedLess15Sec",
              "IncludeInReport": true,
              "IncludeInMenu": true,
              "Hidden": false,
              "ClientTemplate": "",
              "DataFormatType": "",
              "ColumnType": "Bound"
            },
            {
              "Title": "1 Enq - # of case picked > 15 sec",
              "PropertyName": "FirstEnquiryCasePickedGreater15Sec",
              "IncludeInReport": true,
              "IncludeInMenu": true,
              "Hidden": false,
              "ClientTemplate": "",
              "DataFormatType": "",
              "ColumnType": "Bound"
            }
          ]
        },
        {
          "Title": "2 Enquiries",
          "PropertyName": "2Enquiry",
          "IncludeInReport": true,
          "IncludeInMenu": true,
          "Hidden": false,
          "ClientTemplate": "",
          "DataFormatType": "",
          "ColumnType": "Group",
          "ColumnGroup": [
            {
              "Title": "2 Enq - Total # Picked",
              "PropertyName": "SecondEnquiryTotalChatPicked",
              "IncludeInReport": true,
              "IncludeInMenu": true,
              "Hidden": false,
              "ClientTemplate": "",
              "DataFormatType": "",
              "ColumnType": "Bound"
            },
            {
              "Title": "2 Enq - % of Total",
              "PropertyName": "SecondEnquiryTotalPercentage",
              "IncludeInReport": true,
              "IncludeInMenu": true,
              "Hidden": false,
              "ClientTemplate": "",
              "DataFormatType": "",
              "ColumnType": "Bound"
            },
            {
              "Title": "2 Enq - Total Chat time",
              "PropertyName": "SecondEnquiryTotalChatTime",
              "IncludeInReport": true,
              "IncludeInMenu": true,
              "Hidden": false,
              "ClientTemplate": "",
              "DataFormatType": "",
              "ColumnType": "Bound"
            },
            {
              "Title": "2 Enq - Average Chat time",
              "PropertyName": "SecondEnquiryAvgChatTime",
              "IncludeInReport": true,
              "IncludeInMenu": true,
              "Hidden": false,
              "ClientTemplate": "",
              "DataFormatType": "",
              "ColumnType": "Bound"
            },
            {
              "Title": "2 Enq - # of case  picked </ = 15 sec",
              "PropertyName": "SecondEnquiryCasePickedLess15Sec",
              "IncludeInReport": true,
              "IncludeInMenu": true,
              "Hidden": false,
              "ClientTemplate": "",
              "DataFormatType": "",
              "ColumnType": "Bound"
            },
            {
              "Title": "2 Enq - # of case picked > 15 sec",
              "PropertyName": "SecondEnquiryCasePickedGreater15Sec",
              "IncludeInReport": true,
              "IncludeInMenu": true,
              "Hidden": false,
              "ClientTemplate": "",
              "DataFormatType": "",
              "ColumnType": "Bound"
            }
          ]
        },
        {
          "Title": "3 Enquiries",
          "PropertyName": "3Enquiry",
          "IncludeInReport": true,
          "IncludeInMenu": true,
          "Hidden": false,
          "ClientTemplate": "",
          "DataFormatType": "",
          "ColumnType": "Group",
          "ColumnGroup": [
            {
              "Title": "3 Enq - Total # Picked",
              "PropertyName": "ThirdEnquiryTotalChatPicked",
              "IncludeInReport": true,
              "IncludeInMenu": true,
              "Hidden": false,
              "ClientTemplate": "",
              "DataFormatType": "",
              "ColumnType": "Bound"
            },
            {
              "Title": "3 Enq - % of Total",
              "PropertyName": "ThirdEnquiryTotalPercentage",
              "IncludeInReport": true,
              "IncludeInMenu": true,
              "Hidden": false,
              "ClientTemplate": "",
              "DataFormatType": "",
              "ColumnType": "Bound"
            },
            {
              "Title": "3 Enq - Total Chat time",
              "PropertyName": "ThirdEnquiryTotalChatTime",
              "IncludeInReport": true,
              "IncludeInMenu": true,
              "Hidden": false,
              "ClientTemplate": "",
              "DataFormatType": "",
              "ColumnType": "Bound"
            },
            {
              "Title": "3 Enq - Average Chat time",
              "PropertyName": "ThirdEnquiryAvgChatTime",
              "IncludeInReport": true,
              "IncludeInMenu": true,
              "Hidden": false,
              "ClientTemplate": "",
              "DataFormatType": "",
              "ColumnType": "Bound"
            },
            {
              "Title": "3 Enq - # of case  picked </ = 15 sec",
              "PropertyName": "ThirdEnquiryCasePickedLess15Sec",
              "IncludeInReport": true,
              "IncludeInMenu": true,
              "Hidden": false,
              "ClientTemplate": "",
              "DataFormatType": "",
              "ColumnType": "Bound"
            },
            {
              "Title": "3 Enq - # of case picked > 15 sec",
              "PropertyName": "ThirdEnquiryCasePickedGreater15Sec",
              "IncludeInReport": true,
              "IncludeInMenu": true,
              "Hidden": false,
              "ClientTemplate": "",
              "DataFormatType": "",
              "ColumnType": "Bound"
            }
          ]
        },
        {
          "Title": "More than 3 Enquiries",
          "PropertyName": "MoreEnquiry",
          "IncludeInReport": true,
          "IncludeInMenu": true,
          "Hidden": false,
          "ClientTemplate": "",
          "DataFormatType": "",
          "ColumnType": "Group",
          "ColumnGroup": [
            {
              "Title": "More than 3 Enq - Total # Picked",
              "PropertyName": "MoreEnquiryTotalChatPicked",
              "IncludeInReport": true,
              "IncludeInMenu": true,
              "Hidden": false,
              "ClientTemplate": "",
              "DataFormatType": "",
              "ColumnType": "Bound"
            },
            {
              "Title": "More than 3 Enq - % of Total",
              "PropertyName": "MoreEnquiryTotalPercentage",
              "IncludeInReport": true,
              "IncludeInMenu": true,
              "Hidden": false,
              "ClientTemplate": "",
              "DataFormatType": "",
              "ColumnType": "Bound"
            },
            {
              "Title": "More than 3 Enq - Total Chat time",
              "PropertyName": "MoreEnquiryTotalChatTime",
              "IncludeInReport": true,
              "IncludeInMenu": true,
              "Hidden": false,
              "ClientTemplate": "",
              "DataFormatType": "",
              "ColumnType": "Bound"
            },
            {
              "Title": "More than 3 Enq - Average Chat time",
              "PropertyName": "MoreEnquiryAvgChatTime",
              "IncludeInReport": true,
              "IncludeInMenu": true,
              "Hidden": false,
              "ClientTemplate": "",
              "DataFormatType": "",
              "ColumnType": "Bound"
            },
            {
              "Title": "More than 3 Enq - # of case  picked </ = 15 sec",
              "PropertyName": "MoreEnquiryCasePickedLess15Sec",
              "IncludeInReport": true,
              "IncludeInMenu": true,
              "Hidden": false,
              "ClientTemplate": "",
              "DataFormatType": "",
              "ColumnType": "Bound"
            },
            {
              "Title": "More than 3 Enq - # of case picked > 15 sec",
              "PropertyName": "MoreEnquiryCasePickedGreater15Sec",
              "IncludeInReport": true,
              "IncludeInMenu": true,
              "Hidden": false,
              "ClientTemplate": "",
              "DataFormatType": "",
              "ColumnType": "Bound"
            }
          ]
        }
      ]
    }
  ]
}