{
  "JsonVersioningDetails": {
    "FileName": "OCMDirectBankingWebChatMISReportByTimeProductivity.json",
    "Location": "Reports",
    "Version": "4.1.12.30",
    "LastModifiedDateTime": "09-01-2023 10:30:00 AM",
    "LastModifiedBy": "Sonal",
    "Description": "Moved from ocm to ocm_custom"
  },
  "ReportName": "OCM Direct Banking WebChat MIS Report - By Time Productivity",
  "Grid": [
    {
      /*Main Grid*/
      "Name": "OCMDirectBankingWebChatMISReportByTimeProductivity",
      "ClientDetailTemplateId": "",
      "ClientDetailTemplateColumn": "",
      "DetailReportName": "OCMDirectBankingWebChatMISReportByTimeProductivityInterval",
      "DetailReportColumnNameOne": "Date",
      "DetailReportColumnNameTwo": "",
      "DetailReportColumnNameThree": "",
      "IsdetailReport": true,
      "SummaryDataButton": false,
      "Selectable": "row", /* cell/row/none*/
      "Change": "onChangeGridOne",
      "DataBound": "OnMultiColumnGridDataBound",
      "ColumnHide": "OnMultiColumnGridDataBound",
      "ColumnShow": "OnMultiColumnGridDataBound",
      "ExcelExport": "validateExportExcel",
      "DetailExpand": "empty",
      "Action": "GetGridData",
      "Controller": "OCMReport",
      "DataParameter": "",
      "ServerOperation": "",
      "GridAutoResize": "0",
      "PageSize": "10",
      "Identity": [
        {
          "ColumnName": "All",
          "Header": "Direct Banking Web Chat MIS Report - By Time Productivity for Day: "
        }
      ],
      "ReportAutoCompleteSearch": {
      },
      "Columns": [
        {
          "Title": "Date",
          "PropertyName": "Date",
          "IncludeInReport": true,
          "IncludeInMenu": true,
          "Hidden": false,
          "ClientTemplate": "",
          "DataFormatType": "",
          "ColumnType": "Bound"
        },
        {
          "Title": "Incoming Chat",
          "PropertyName": "TotalChatPicked",
          "IncludeInReport": true,
          "IncludeInMenu": true,
          "Hidden": false,
          "ClientTemplate": "",
          "DataFormatType": "",
          "ColumnType": "Group",
          "ColumnGroup": [
            {
              "Title": "No. of Login Agent",
              "PropertyName": "NoofLoginAgent",
              "IncludeInReport": true,
              "IncludeInMenu": true,
              "Hidden": false,
              "ClientTemplate": "",
              "DataFormatType": "",
              "ColumnType": "Bound"
            },
            {
              "Title": "Total #",
              "PropertyName": "TotalChatPicked",
              "IncludeInReport": true,
              "IncludeInMenu": true,
              "Hidden": false,
              "ClientTemplate": "",
              "DataFormatType": "",
              "ColumnType": "Bound"
            },
            {
              "Title": "Avg Chat Time",
              "PropertyName": "AvgChatTime",
              "IncludeInReport": true,
              "IncludeInMenu": true,
              "Hidden": false,
              "ClientTemplate": "",
              "DataFormatType": "",
              "ColumnType": "Bound"
            },
            {
              "Title": "General Chat",
              "PropertyName": "GeneralChat",
              "IncludeInReport": true,
              "IncludeInMenu": true,
              "Hidden": false,
              "ClientTemplate": "",
              "DataFormatType": "",
              "ColumnType": "Bound"
            },
            {
              "Title": "Avg General Chat Time",
              "PropertyName": "AvgGeneralChatTime",
              "IncludeInReport": true,
              "IncludeInMenu": true,
              "Hidden": false,
              "ClientTemplate": "",
              "DataFormatType": "",
              "ColumnType": "Bound"
            },
            {
              "Title": "Login Customer",
              "PropertyName": "LoginCustomerChat",
              "IncludeInReport": true,
              "IncludeInMenu": true,
              "Hidden": false,
              "ClientTemplate": "",
              "DataFormatType": "",
              "ColumnType": "Bound"
            },
            {
              "Title": "Avg Login Customer Chat Time",
              "PropertyName": "AvgLoginCustomerChatTime",
              "IncludeInReport": true,
              "IncludeInMenu": true,
              "Hidden": false,
              "ClientTemplate": "",
              "DataFormatType": "",
              "ColumnType": "Bound"
            },
            {
              "Title": "Call Fd./Conf. #",
              "PropertyName": "TransConfChat",
              "IncludeInReport": true,
              "IncludeInMenu": true,
              "Hidden": false,
              "ClientTemplate": "",
              "DataFormatType": "",
              "ColumnType": "Bound"
            },
            {
              "Title": "Avg Trans Conf Chat Time",
              "PropertyName": "AvgTransConfChatTime",
              "IncludeInReport": true,
              "IncludeInMenu": true,
              "Hidden": false,
              "ClientTemplate": "",
              "DataFormatType": "",
              "ColumnType": "Bound"
            }
          ]
        },
        {
          "Title": "Resources",
          "PropertyName": "AgentName",
          "IncludeInReport": true,
          "IncludeInMenu": true,
          "Hidden": false,
          "ClientTemplate": "",
          "DataFormatType": "",
          "ColumnType": "Group",
          "ColumnGroup": [
            {
              "Title": "Total # per Login Agent",
              "PropertyName": "TotalPerLoginAgent",
              "IncludeInReport": true,
              "IncludeInMenu": true,
              "Hidden": false,
              "ClientTemplate": "",
              "DataFormatType": "",
              "ColumnType": "Bound"
            },
            {
              "Title": "Total Time per Login Agent",
              "PropertyName": "TotalTimePerLoginAgent",
              "IncludeInReport": true,
              "IncludeInMenu": true,
              "Hidden": false,
              "ClientTemplate": "",
              "DataFormatType": "",
              "ColumnType": "Bound"
            }
          ]
        },
        {
          "Title": "Productivity",
          "PropertyName": "AgentName",
          "IncludeInReport": true,
          "IncludeInMenu": true,
          "Hidden": false,
          "ClientTemplate": "",
          "DataFormatType": "",
          "ColumnType": "Group",
          "ColumnGroup": [
            {
              "Title": "Total Login Time",
              "PropertyName": "TotalLoginTime",
              "IncludeInReport": true,
              "IncludeInMenu": true,
              "Hidden": false,
              "ClientTemplate": "",
              "DataFormatType": "",
              "ColumnType": "Bound"
            },
            {
              "Title": "Total General Chat Time",
              "PropertyName": "TotalGeneralChatTime",
              "IncludeInReport": true,
              "IncludeInMenu": true,
              "Hidden": false,
              "ClientTemplate": "",
              "DataFormatType": "",
              "ColumnType": "Bound"
            },
            {
              "Title": "Total Login Chat Time",
              "PropertyName": "TotalLoginCustomerChatTime",
              "IncludeInReport": true,
              "IncludeInMenu": true,
              "Hidden": false,
              "ClientTemplate": "",
              "DataFormatType": "",
              "ColumnType": "Bound"
            },
            {
              "Title": "Total Trans Conf Chat Time",
              "PropertyName": "TotalTransConfChatTime",
              "IncludeInReport": true,
              "IncludeInMenu": true,
              "Hidden": false,
              "ClientTemplate": "",
              "DataFormatType": "",
              "ColumnType": "Bound"
            },
            {
              "Title": "Total Ready Mode Time",
              "PropertyName": "TotalReadyModeTime",
              "IncludeInReport": true,
              "IncludeInMenu": true,
              "Hidden": false,
              "ClientTemplate": "",
              "DataFormatType": "",
              "ColumnType": "Bound"
            },
            {
              "Title": "Total Unavailable Time",
              "PropertyName": "TotalUnavailableTime",
              "IncludeInReport": true,
              "IncludeInMenu": true,
              "Hidden": false,
              "ClientTemplate": "",
              "DataFormatType": "",
              "ColumnType": "Bound"
            },
            {
              "Title": "Unavailable Time - ACW",
              "PropertyName": "TotalACWTime",
              "IncludeInReport": true,
              "IncludeInMenu": true,
              "Hidden": false,
              "ClientTemplate": "",
              "DataFormatType": "",
              "ColumnType": "Bound"
            },
            {
              "Title": "Unavailable Time - Default",
              "PropertyName": "TotalAUXTime",
              "IncludeInReport": true,
              "IncludeInMenu": true,
              "Hidden": false,
              "ClientTemplate": "",
              "DataFormatType": "",
              "ColumnType": "Bound"
            },
            {
              "Title": "Unavailable Time - Lunch",
              "PropertyName": "TotalLunchTime",
              "IncludeInReport": true,
              "IncludeInMenu": true,
              "Hidden": false,
              "ClientTemplate": "",
              "DataFormatType": "",
              "ColumnType": "Bound"
            },
            {
              "Title": "Unavailable Time - Phone",
              "PropertyName": "TotalPhoneTime",
              "IncludeInReport": true,
              "IncludeInMenu": true,
              "Hidden": false,
              "ClientTemplate": "",
              "DataFormatType": "",
              "ColumnType": "Bound"
            }
          ]
        }
      ]
    },
    {
      /*Main Grid Client Template*/
      "Name": "",
      "ClientDetailTemplateId": "",
      "ClientDetailTemplateColumn": "",
      "DetailReportName": "",
      "DetailReportColumnNameOne": "",
      "DetailReportColumnNameTwo": "",
      "DetailReportColumnNameThree": "",
      "IsdetailReport": false,
      "SummaryDataButton": false,
      "Selectable": "none", /* cell/row/none*/
      "Change": "",
      "DataBound": "",
      "ColumnHide": "",
      "ColumnShow": "",
      "ExcelExport": "",
      "DetailExpand": "",
      "Action": "",
      "Controller": "",
      "DataParameter": "",
      "ServerOperation": "",
      "GridAutoResize": "1",
      "PageSize": "10",
      "Identity": [],
      "ReportAutoCompleteSearch": {
      },
      "Columns": [
      ]
    },
    {
      /*Main grid drill first*/
      "Name": "OCMDirectBankingWebChatMISReportByTimeProductivityInterval",
      "ClientDetailTemplateId": "",
      "ClientDetailTemplateColumn": "",
      "DetailReportName": "",
      "DetailReportColumnNameOne": "",
      "DetailReportColumnNameTwo": "",
      "DetailReportColumnNameThree": "",
      "IsdetailReport": false,
      "SummaryDataButton": false,
      "Selectable": "none", /* cell/row/none*/
      "Change": "empty",
      "DataBound": "OnMultiColumnGridDataBound",
      "ColumnHide": "OnMultiColumnGridDataBound",
      "ColumnShow": "OnMultiColumnGridDataBound",
      "ExcelExport": "validateExportExcel",
      "DetailExpand": "empty",
      "Action": "DrillGridOneData",
      "Controller": "OCMReport",
      "DataParameter": "",
      "ServerOperation": "",
      "GridAutoResize": "0",
      "PageSize": "26",
      "Identity": [
      ],
      "ReportAutoCompleteSearch": {},
      "Columns": [
        {
          "Title": "Date",
          "PropertyName": "Date",
          "IncludeInReport": true,
          "IncludeInMenu": false,
          "Hidden": true,
          "ClientTemplate": "",
          "DataFormatType": "",
          "ColumnType": "Bound"
        },
        {
          "Title": "Interval",
          "PropertyName": "Interval",
          "IncludeInReport": true,
          "IncludeInMenu": true,
          "Hidden": false,
          "ClientTemplate": "",
          "DataFormatType": "",
          "ColumnType": "Bound"
        },
        {
          "Title": "Incoming Chat",
          "PropertyName": "TotalChatPicked",
          "IncludeInReport": true,
          "IncludeInMenu": true,
          "Hidden": false,
          "ClientTemplate": "",
          "DataFormatType": "",
          "ColumnType": "Group",
          "ColumnGroup": [
            {
              "Title": "No. of Login Agent",
              "PropertyName": "NoofLoginAgent",
              "IncludeInReport": true,
              "IncludeInMenu": true,
              "Hidden": false,
              "ClientTemplate": "",
              "DataFormatType": "",
              "ColumnType": "Bound"
            },
            {
              "Title": "Total #",
              "PropertyName": "TotalChatPicked",
              "IncludeInReport": true,
              "IncludeInMenu": true,
              "Hidden": false,
              "ClientTemplate": "",
              "DataFormatType": "",
              "ColumnType": "Bound"
            },
            {
              "Title": "Avg Chat Time",
              "PropertyName": "AvgChatTime",
              "IncludeInReport": true,
              "IncludeInMenu": true,
              "Hidden": false,
              "ClientTemplate": "",
              "DataFormatType": "",
              "ColumnType": "Bound"
            },
            {
              "Title": "General Chat",
              "PropertyName": "GeneralChat",
              "IncludeInReport": true,
              "IncludeInMenu": true,
              "Hidden": false,
              "ClientTemplate": "",
              "DataFormatType": "",
              "ColumnType": "Bound"
            },
            {
              "Title": "Avg General Chat Time",
              "PropertyName": "AvgGeneralChatTime",
              "IncludeInReport": true,
              "IncludeInMenu": true,
              "Hidden": false,
              "ClientTemplate": "",
              "DataFormatType": "",
              "ColumnType": "Bound"
            },
            {
              "Title": "Login Customer",
              "PropertyName": "LoginCustomerChat",
              "IncludeInReport": true,
              "IncludeInMenu": true,
              "Hidden": false,
              "ClientTemplate": "",
              "DataFormatType": "",
              "ColumnType": "Bound"
            },
            {
              "Title": "Avg Login Customer Chat Time",
              "PropertyName": "AvgLoginCustomerChatTime",
              "IncludeInReport": true,
              "IncludeInMenu": true,
              "Hidden": false,
              "ClientTemplate": "",
              "DataFormatType": "",
              "ColumnType": "Bound"
            },
            {
              "Title": "Call Fd./Conf. #",
              "PropertyName": "TransConfChat",
              "IncludeInReport": true,
              "IncludeInMenu": true,
              "Hidden": false,
              "ClientTemplate": "",
              "DataFormatType": "",
              "ColumnType": "Bound"
            },
            {
              "Title": "Avg Trans Conf Chat Time",
              "PropertyName": "AvgTransConfChatTime",
              "IncludeInReport": true,
              "IncludeInMenu": true,
              "Hidden": false,
              "ClientTemplate": "",
              "DataFormatType": "",
              "ColumnType": "Bound"
            }
          ]
        },
        {
          "Title": "Resources",
          "PropertyName": "AgentName",
          "IncludeInReport": true,
          "IncludeInMenu": true,
          "Hidden": false,
          "ClientTemplate": "",
          "DataFormatType": "",
          "ColumnType": "Group",
          "ColumnGroup": [
            {
              "Title": "Total # per Login Agent",
              "PropertyName": "TotalPerLoginAgent",
              "IncludeInReport": true,
              "IncludeInMenu": true,
              "Hidden": false,
              "ClientTemplate": "",
              "DataFormatType": "",
              "ColumnType": "Bound"
            },
            {
              "Title": "Total Time per Login Agent",
              "PropertyName": "TotalTimePerLoginAgent",
              "IncludeInReport": true,
              "IncludeInMenu": true,
              "Hidden": false,
              "ClientTemplate": "",
              "DataFormatType": "",
              "ColumnType": "Bound"
            }
          ]
        },
        {
          "Title": "Productivity",
          "PropertyName": "AgentName",
          "IncludeInReport": true,
          "IncludeInMenu": true,
          "Hidden": false,
          "ClientTemplate": "",
          "DataFormatType": "",
          "ColumnType": "Group",
          "ColumnGroup": [
            {
              "Title": "Total Login Time",
              "PropertyName": "TotalLoginTime",
              "IncludeInReport": true,
              "IncludeInMenu": true,
              "Hidden": false,
              "ClientTemplate": "",
              "DataFormatType": "",
              "ColumnType": "Bound"
            },
            {
              "Title": "Total General Chat Time",
              "PropertyName": "TotalGeneralChatTime",
              "IncludeInReport": true,
              "IncludeInMenu": true,
              "Hidden": false,
              "ClientTemplate": "",
              "DataFormatType": "",
              "ColumnType": "Bound"
            },
            {
              "Title": "Total Login Chat Time",
              "PropertyName": "TotalLoginCustomerChatTime",
              "IncludeInReport": true,
              "IncludeInMenu": true,
              "Hidden": false,
              "ClientTemplate": "",
              "DataFormatType": "",
              "ColumnType": "Bound"
            },
            {
              "Title": "Total Trans Conf Chat Time",
              "PropertyName": "TotalTransConfChatTime",
              "IncludeInReport": true,
              "IncludeInMenu": true,
              "Hidden": false,
              "ClientTemplate": "",
              "DataFormatType": "",
              "ColumnType": "Bound"
            },
            {
              "Title": "Total Ready Mode Time",
              "PropertyName": "TotalReadyModeTime",
              "IncludeInReport": true,
              "IncludeInMenu": true,
              "Hidden": false,
              "ClientTemplate": "",
              "DataFormatType": "",
              "ColumnType": "Bound"
            },
            {
              "Title": "Total Unavailable Time",
              "PropertyName": "TotalUnavailableTime",
              "IncludeInReport": true,
              "IncludeInMenu": true,
              "Hidden": false,
              "ClientTemplate": "",
              "DataFormatType": "",
              "ColumnType": "Bound"
            },
            {
              "Title": "Unavailable Time - ACW",
              "PropertyName": "TotalACWTime",
              "IncludeInReport": true,
              "IncludeInMenu": true,
              "Hidden": false,
              "ClientTemplate": "",
              "DataFormatType": "",
              "ColumnType": "Bound"
            },
            {
              "Title": "Unavailable Time - Default",
              "PropertyName": "TotalAUXTime",
              "IncludeInReport": true,
              "IncludeInMenu": true,
              "Hidden": false,
              "ClientTemplate": "",
              "DataFormatType": "",
              "ColumnType": "Bound"
            },
            {
              "Title": "Unavailable Time - Lunch",
              "PropertyName": "TotalLunchTime",
              "IncludeInReport": true,
              "IncludeInMenu": true,
              "Hidden": false,
              "ClientTemplate": "",
              "DataFormatType": "",
              "ColumnType": "Bound"
            },
            {
              "Title": "Unavailable Time - Phone",
              "PropertyName": "TotalPhoneTime",
              "IncludeInReport": true,
              "IncludeInMenu": true,
              "Hidden": false,
              "ClientTemplate": "",
              "DataFormatType": "",
              "ColumnType": "Bound"
            }
          ]
        }
      ]
    }
  ]
}