{
  "JsonVersioningDetails": {
    "FileName": "OCMDirectBankingWebChatMISReportServiceQuality.json",
    "Location": "Reports",
    "Version": "4.1.12.30",
    "LastModifiedDateTime": "09-01-2023 10:30:00 AM",
    "LastModifiedBy": "Sonal",
    "Description": "Moved from ocm to ocm_custom"
  },
  "ReportName": "OCM Direct Banking WebChat MIS Report Service Quality",
  "Grid": [
    {
      /*Main Grid*/
      "Name": "OCMDirectBankingWebChatMISReportServiceQuality",
      "ClientDetailTemplateId": "",
      "ClientDetailTemplateColumn": "",
      "DetailReportName": "OCMDirectBankingWebChatMISReportServiceQualityInterval",
      "DetailReportColumnNameOne": "Date",
      "DetailReportColumnNameTwo": "",
      "DetailReportColumnNameThree": "",
      "IsdetailReport": true,
      "SummaryDataButton": false,
      "Selectable": "row", /* cell/row/none*/
      "Change": "onChangeGridOne",
      "DataBound": "OnMultiColumnGridDataBound",
      "ColumnHide": "OnMultiColumnGridDataBound",
      "ColumnShow": "OnMultiColumnGridDataBound",
      "ExcelExport": "validateExportExcel",
      "DetailExpand": "empty",
      "Action": "GetGridData",
      "Controller": "OCMReport",
      "DataParameter": "",
      "ServerOperation": "",
      "GridAutoResize": "0",
      "PageSize": "10",
      "Identity": [
        {
          "ColumnName": "All",
          "Header": "Direct Banking Web Chat MIS Report Service Quality for Day: "
        }
      ],
      "ReportAutoCompleteSearch": {
      },
      "Columns": [
        {
          "Title": "Date",
          "PropertyName": "Date",
          "IncludeInReport": true,
          "IncludeInMenu": true,
          "Hidden": false,
          "ClientTemplate": "",
          "DataFormatType": "date",
          "ColumnType": "Bound"
        },
        {
          "Title": "No. of Login Agent",
          "PropertyName": "NoofLoginAgent",
          "IncludeInReport": true,
          "IncludeInMenu": true,
          "Hidden": false,
          "ClientTemplate": "",
          "DataFormatType": "number",
          "ColumnType": "Bound"
        },
        {
          "Title": "Incoming Chat",
          "PropertyName": "IncomingChat",
          "IncludeInReport": true,
          "IncludeInMenu": true,
          "Hidden": false,
          "ClientTemplate": "",
          "DataFormatType": "",
          "ColumnType": "Group",
          "ColumnGroup": [
            {
              "Title": "Total Chat",
              "PropertyName": "TotalChat",
              "IncludeInReport": true,
              "IncludeInMenu": true,
              "Hidden": false,
              "ClientTemplate": "",
              "DataFormatType": "number",
              "ColumnType": "Bound"
            },
            {
              "Title": "# of case  picked <= 15 sec",
              "PropertyName": "CasePickedLess15Sec",
              "IncludeInReport": true,
              "IncludeInMenu": true,
              "Hidden": false,
              "ClientTemplate": "",
              "DataFormatType": "number",
              "ColumnType": "Bound"
            },
            {
              "Title": "# of case picked > 15 sec",
              "PropertyName": "CasePickedGreater15Sec",
              "IncludeInReport": true,
              "IncludeInMenu": true,
              "Hidden": false,
              "ClientTemplate": "",
              "DataFormatType": "number",
              "ColumnType": "Bound"
            },
            {
              "Title": "Total Chat Picked",
              "PropertyName": "TotalChatPicked",
              "IncludeInReport": true,
              "IncludeInMenu": true,
              "Hidden": false,
              "ClientTemplate": "",
              "DataFormatType": "number",
              "ColumnType": "Bound"
            }
          ]
        },
        {
          "Title": "Service Quality",
          "PropertyName": "AgentName",
          "IncludeInReport": true,
          "IncludeInMenu": true,
          "Hidden": false,
          "ClientTemplate": "",
          "DataFormatType": "",
          "ColumnType": "Group",
          "ColumnGroup": [
            {
              "Title": "Service Level",
              "PropertyName": "ServiceLevel",
              "IncludeInReport": true,
              "IncludeInMenu": true,
              "Hidden": false,
              "ClientTemplate": "",
              "DataFormatType": "decimal",
              "ColumnType": "Bound"
            },
            {
              "Title": "Avg Queue Time (Sec)",
              "PropertyName": "AvgQueueTime",
              "IncludeInReport": true,
              "IncludeInMenu": true,
              "Hidden": false,
              "ClientTemplate": "",
              "DataFormatType": "number",
              "ColumnType": "Bound"
            },
            {
              "Title": "Chat Drop Out <=5 sec",
              "PropertyName": "ChatDropOutLess5Sec",
              "IncludeInReport": true,
              "IncludeInMenu": true,
              "Hidden": false,
              "ClientTemplate": "",
              "DataFormatType": "number",
              "ColumnType": "Bound"
            },
            {
              "Title": "Chat Drop Out <= 5 sec %",
              "PropertyName": "ChatDropOutLess5SecPercent",
              "IncludeInReport": true,
              "IncludeInMenu": true,
              "Hidden": false,
              "ClientTemplate": "",
              "DataFormatType": "decimal",
              "ColumnType": "Bound"
            },
            {
              "Title": "Chat Drop Out >5 sec",
              "PropertyName": "ChatDropOutGreater5Sec",
              "IncludeInReport": true,
              "IncludeInMenu": true,
              "Hidden": false,
              "ClientTemplate": "",
              "DataFormatType": "number",
              "ColumnType": "Bound"
            },
            {
              "Title": "Chat Drop Out >5 sec %",
              "PropertyName": "ChatDropOutGreater5SecPercent",
              "IncludeInReport": true,
              "IncludeInMenu": true,
              "Hidden": false,
              "ClientTemplate": "",
              "DataFormatType": "decimal",
              "ColumnType": "Bound"
            }
          ]
        }
      ]
    },
    {
      /*Main Grid Client Template*/
      "Name": "",
      "ClientDetailTemplateId": "",
      "ClientDetailTemplateColumn": "",
      "DetailReportName": "",
      "DetailReportColumnNameOne": "",
      "DetailReportColumnNameTwo": "",
      "DetailReportColumnNameThree": "",
      "IsdetailReport": false,
      "SummaryDataButton": false,
      "Selectable": "none", /* cell/row/none*/
      "Change": "",
      "DataBound": "",
      "ColumnHide": "",
      "ColumnShow": "",
      "ExcelExport": "",
      "DetailExpand": "",
      "Action": "",
      "Controller": "",
      "DataParameter": "",
      "ServerOperation": "",
      "GridAutoResize": "1",
      "PageSize": "10",
      "Identity": [],
      "ReportAutoCompleteSearch": {
      },
      "Columns": [
      ]
    },
    {
      /*Main Grid*/
      "Name": "OCMDirectBankingWebChatMISReportServiceQualityInterval",
      "ClientDetailTemplateId": "",
      "ClientDetailTemplateColumn": "",
      "DetailReportName": "",
      "DetailReportColumnNameOne": "",
      "DetailReportColumnNameTwo": "",
      "DetailReportColumnNameThree": "",
      "IsdetailReport": false,
      "SummaryDataButton": false,
      "Selectable": "none", /* cell/row/none*/
      "Change": "empty",
      "DataBound": "OnMultiColumnGridDataBound",
      "ColumnHide": "OnMultiColumnGridDataBound",
      "ColumnShow": "OnMultiColumnGridDataBound",
      "ExcelExport": "validateExportExcel",
      "DetailExpand": "empty",
      "Action": "DrillGridOneData",
      "Controller": "OCMReport",
      "DataParameter": "",
      "ServerOperation": "",
      "GridAutoResize": "0",
      "PageSize": "26",
      "Identity": [],
      "ReportAutoCompleteSearch": {
      },
      "Columns": [
        {
          "Title": "Date",
          "PropertyName": "Date",
          "IncludeInReport": true,
          "IncludeInMenu": false,
          "Hidden": true,
          "ClientTemplate": "",
          "DataFormatType": "date",
          "ColumnType": "Bound"
        },
        {
          "Title": "Interval",
          "PropertyName": "Interval",
          "IncludeInReport": true,
          "IncludeInMenu": true,
          "Hidden": false,
          "ClientTemplate": "",
          "DataFormatType": "",
          "ColumnType": "Bound"
        },
        {
          "Title": "No. of Login Agent",
          "PropertyName": "NoofLoginAgent",
          "IncludeInReport": true,
          "IncludeInMenu": true,
          "Hidden": false,
          "ClientTemplate": "",
          "DataFormatType": "number",
          "ColumnType": "Bound"
        },
        {
          "Title": "Incoming Chat",
          "PropertyName": "IncomingChat",
          "IncludeInReport": true,
          "IncludeInMenu": true,
          "Hidden": false,
          "ClientTemplate": "",
          "DataFormatType": "",
          "ColumnType": "Group",
          "ColumnGroup": [
            {
              "Title": "Total Chat",
              "PropertyName": "TotalChat",
              "IncludeInReport": true,
              "IncludeInMenu": true,
              "Hidden": false,
              "ClientTemplate": "",
              "DataFormatType": "number",
              "ColumnType": "Bound"
            },
            {
              "Title": "# of case  picked <= 15 sec",
              "PropertyName": "CasePickedLess15Sec",
              "IncludeInReport": true,
              "IncludeInMenu": true,
              "Hidden": false,
              "ClientTemplate": "",
              "DataFormatType": "number",
              "ColumnType": "Bound"
            },
            {
              "Title": "# of case picked > 15 sec",
              "PropertyName": "CasePickedGreater15Sec",
              "IncludeInReport": true,
              "IncludeInMenu": true,
              "Hidden": false,
              "ClientTemplate": "",
              "DataFormatType": "number",
              "ColumnType": "Bound"
            },
            {
              "Title": "Total Chat Picked",
              "PropertyName": "TotalChatPicked",
              "IncludeInReport": true,
              "IncludeInMenu": true,
              "Hidden": false,
              "ClientTemplate": "",
              "DataFormatType": "number",
              "ColumnType": "Bound"
            }
          ]
        },
        {
          "Title": "Service Quality",
          "PropertyName": "AgentName",
          "IncludeInReport": true,
          "IncludeInMenu": true,
          "Hidden": false,
          "ClientTemplate": "",
          "DataFormatType": "",
          "ColumnType": "Group",
          "ColumnGroup": [
            {
              "Title": "Service Level",
              "PropertyName": "ServiceLevel",
              "IncludeInReport": true,
              "IncludeInMenu": true,
              "Hidden": false,
              "ClientTemplate": "",
              "DataFormatType": "decimal",
              "ColumnType": "Bound"
            },
            {
              "Title": "Avg Queue Time (Sec)",
              "PropertyName": "AvgQueueTime",
              "IncludeInReport": true,
              "IncludeInMenu": true,
              "Hidden": false,
              "ClientTemplate": "",
              "DataFormatType": "number",
              "ColumnType": "Bound"
            },
            {
              "Title": "Chat Drop Out <=5 sec",
              "PropertyName": "ChatDropOutLess5Sec",
              "IncludeInReport": true,
              "IncludeInMenu": true,
              "Hidden": false,
              "ClientTemplate": "",
              "DataFormatType": "number",
              "ColumnType": "Bound"
            },
            {
              "Title": "Chat Drop Out <= 5 sec %",
              "PropertyName": "ChatDropOutLess5SecPercent",
              "IncludeInReport": true,
              "IncludeInMenu": true,
              "Hidden": false,
              "ClientTemplate": "",
              "DataFormatType": "decimal",
              "ColumnType": "Bound"
            },
            {
              "Title": "Chat Drop Out >5 sec",
              "PropertyName": "ChatDropOutGreater5Sec",
              "IncludeInReport": true,
              "IncludeInMenu": true,
              "Hidden": false,
              "ClientTemplate": "",
              "DataFormatType": "number",
              "ColumnType": "Bound"
            },
            {
              "Title": "Chat Drop Out >5 sec %",
              "PropertyName": "ChatDropOutGreater5SecPercent",
              "IncludeInReport": true,
              "IncludeInMenu": true,
              "Hidden": false,
              "ClientTemplate": "",
              "DataFormatType": "decimal",
              "ColumnType": "Bound"
            }
          ]
        }
      ]
    }
  ]
}