﻿{
  "JsonVersioningDetails": {
    "FileName": "OCMWhatsAppInteractionReport.json",
    "Location": "Reports",
    "Version": "4.1.12.30",
    "LastModifiedDateTime": "09-01-2023 10:30:00 AM",
    "LastModifiedBy": "Sonal",
    "Description": "Moved from ocm to ocm_custom"
  },
  "ReportName": "OCM WhatsApp Interaction Report",
  "Grid": [
    {
      /*Main Grid*/
      "Name": "OCMWhatsAppInteractionReport",
      "ClientDetailTemplateId": "",
      "ClientDetailTemplateColumn": "",
      "DetailReportName": "",
      "DetailReportColumnNameOne": "ChatName",
      "DetailReportColumnNameTwo": "Agent",
      "DetailReportColumnNameThree": "",
      "IsdetailReport": true,
      "SummaryDataButton": false,
      "Selectable": "cell", /* cell/row/none*/
      "Change": "onChangeGridOne",
      "DataBound": "onDataBound",
      "ColumnHide": "onDataBound",
      "ColumnShow": "onDataBound",
      "ExcelExport": "validateExportExcel",
      "DetailExpand": "onGridDetailExpand",
      "Action": "GetGridData",
      "Controller": "OCMReport",
      "DataParameter": "",
      "ServerOperation": "",
      "GridAutoResize": "1",
      "PageSize": "10",
      "Identity": [

        {
          "ColumnName": "All",
          "Header": "WhatsApp Interaction for the Chat Name"
        }

      ],
      "ReportAutoCompleteSearch": {
        "Title": "Chat Name",
        "PropertyName": "ChatName"
      },
      "Columns": [
        {
          "Title": "Agent",
          "PropertyName": "Agent",
          "IncludeInReport": true,
          "IncludeInMenu": true,
          "Hidden": false,
          "ClientTemplate": "",
          "DataFormatType": ""
        },
        {
          "Title": "Chat Name",
          "PropertyName": "ChatName",
          "IncludeInReport": true,
          "IncludeInMenu": true,
          "Hidden": false,
          "ClientTemplate": "",
          "DataFormatType": ""
        },
        {
          "Title": "User Name",
          "PropertyName": "UserName",
          "IncludeInReport": true,
          "IncludeInMenu": true,
          "Hidden": false,
          "ClientTemplate": "",
          "DataFormatType": ""
        },
        {
          "Title": "Date Time",
          "PropertyName": "DateTime",
          "IncludeInReport": true,
          "IncludeInMenu": true,
          "Hidden": false,
          "ClientTemplate": "",
          "DataFormatType": "datetime"
        }
      ]
    },
    {
      /*Main Grid Client Template*/
      "Name": "",
      "ClientDetailTemplateId": "",
      "ClientDetailTemplateColumn": "",
      "DetailReportName": "",
      "DetailReportColumnNameOne": "",
      "DetailReportColumnNameTwo": "",
      "DetailReportColumnNameThree": "",
      "IsdetailReport": false,
      "SummaryDataButton": false,
      "Selectable": "cell", /* cell/row/none*/
      "Change": "",
      "DataBound": "",
      "ColumnHide": "",
      "ColumnShow": "",
      "ExcelExport": "",
      "DetailExpand": "",
      "Action": "",
      "Controller": "",
      "DataParameter": "",
      "ServerOperation": "",
      "GridAutoResize": "1",
      "PageSize": "10",
      "Identity": [

      ],
      "ReportAutoCompleteSearch": {
       
      },
      "Columns": [
       
      ]
    },

    {
      /*Main grid drill second*/
      "Name": "OCMChatInteractionReportCallback",
      "ClientDetailTemplateId": "",
      "ClientDetailTemplateColumn": "SessionID",
      "DetailReportName": "",
      "DetailReportColumnNameOne": "",
      "DetailReportColumnNameTwo": "",
      "DetailReportColumnNameThree": "",
      "IsdetailReport": false,
      "SummaryDataButton": false,
      "Selectable": "none", /* cell/row/none*/
      "Change": "empty",
      "DataBound": "onDataBound",
      "ColumnHide": "onDataBound",
      "ColumnShow": "onDataBound",
      "ExcelExport": "validateExportExcel",
      "DetailExpand": "empty",
      "Action": "DrillGridTwoData",
      "Controller": "OCMReport",
      "ServerOperation": "",
      "GridAutoResize": "1",
      "PageSize": "10",
      "Identity": [
        {
          "ColumnName": "CallBack",
          "Header": "CallBack Details for Session"
        }
      ],
      "ReportAutoCompleteSearch": {
      },
      "Columns": [
        {
          "Title": "Session ID",
          "PropertyName": "SessionID",
          "IncludeInReport": true,
          "IncludeInMenu": true,
          "Hidden": false,
          "ClientTemplate": "",
          "DataFormatType": ""
        },
        {
          "Title": "CallBack Status",
          "PropertyName": "CallBackStatus",
          "IncludeInReport": true,
          "IncludeInMenu": true,
          "Hidden": false,
          "ClientTemplate": "",
          "DataFormatType": ""
        },
        {
          "Title": "CallBack Date",
          "PropertyName": "CallBackDate",
          "IncludeInReport": true,
          "IncludeInMenu": true,
          "Hidden": false,
          "ClientTemplate": "",
          "DataFormatType": "date"
        },
        {
          "Title": "CallBack Time",
          "PropertyName": "CallBackTime",
          "IncludeInReport": true,
          "IncludeInMenu": true,
          "Hidden": false,
          "ClientTemplate": "",
          "DataFormatType": "time"
        },
        {
          "Title": "CallBack Count",
          "PropertyName": "CallBackCount",
          "IncludeInReport": true,
          "IncludeInMenu": true,
          "Hidden": false,
          "ClientTemplate": "",
          "DataFormatType": "number"
        }
      ]
    },
    {
      /*Main grid drill first*/
      "Name": "OCMWhatsAppInteractionTransScriptReport",
      "ClientDetailTemplateId": "",
      "ClientDetailTemplateColumn": "",
      "DetailReportName": "",
      "DetailReportColumnNameOne": "",
      "DetailReportColumnNameTwo": "",
      "DetailReportColumnNameThree": "",
      "IsdetailReport": false,
      "SummaryDataButton": false,
      "Selectable": "cell", /* cell/row/none*/
      "Change": "",
      "DataBound": "",
      "ColumnHide": "",
      "ColumnShow": "",
      "ExcelExport": "",
      "DetailExpand": "",
      "Action": "",
      "Controller": "",
      "DataParameter": "",
      "ServerOperation": "",
      "GridAutoResize": "1",
      "PageSize": "10",
      "Identity": [
      ],
      "ReportAutoCompleteSearch": {
      },
      "Columns": [
        {
          "Title": "Session ID",
          "PropertyName": "SessionID",
          "IncludeInReport": true,
          "IncludeInMenu": true,
          "Hidden": false,
          "ClientTemplate": "",
          "DataFormatType": ""
        },
        {
          "Title": "Interaction Date Time",
          "PropertyName": "InteractionDateTime",
          "IncludeInReport": true,
          "IncludeInMenu": true,
          "Hidden": false,
          "ClientTemplate": "",
          "DataFormatType": "datetime"
        },
        {
          "Title": "Interaction Text",
          "PropertyName": "InteractionText",
          "IncludeInReport": true,
          "IncludeInMenu": true,
          "Hidden": false,
          "ClientTemplate": "",
          "DataFormatType": ""
        },
        {
          "Title": "Interaction By",
          "PropertyName": "InteractionBy",
          "IncludeInReport": true,
          "IncludeInMenu": true,
          "Hidden": false,
          "ClientTemplate": "",
          "DataFormatType": ""
        }

      ]
    },
    {
      /*Main grid drill third*/
      "Name": "",
      "ClientDetailTemplateId": "",
      "ClientDetailTemplateColumn": "",
      "DetailReportName": "",
      "DetailReportColumnNameOne": "",
      "DetailReportColumnNameTwo": "",
      "DetailReportColumnNameThree": "",
      "IsdetailReport": false,
      "SummaryDataButton": false,
      "Selectable": "", /* cell/row/none*/
      "Change": "",
      "DataBound": "",
      "ColumnHide": "",
      "ColumnShow": "",
      "ExcelExport": "",
      "DetailExpand": "",
      "Action": "",
      "Controller": "",
      "DataParameter": "",
      "ServerOperation": "",
      "GridAutoResize": "1",
      "PageSize": "10",
      "Identity": [
      ],
      "ReportAutoCompleteSearch": {
      },
      "Columns": [

      ]
    }
  ]
}