{
  "ServerConfig": {
    //Primary POM Server API URL, for secure connection keep https url and IsSecureConnection:true 
    "POMServerAPI": "http://localhost:6631/api",
    //To get campaign links from POM server//
    "GetCampaignLinkURL": "https://ipaddress:port",
    //To set campaign links to POM server//
    "SaveCampaignLinkURL": "https://ipaddress:port",
    //secondary link for HA Utility moduule, keep blank if primary link has to be used//
    "AuxiliaryAPILink": "",
    "IsSecureConnection": false,
    "ServerCertificatePath": "D:\\Projects\\Tetherfi\\TPOM\\TetherfiPOMConnector\\TetherfiPOMConnector\\",
    "TlsVersion": "Tls12",
    "POMUserName": "user",
    "POMPassword": "user01",
    "RequestHeader": {
      "Authorization": "Basic",
      "ContentType": "application/json",
      "XRequestedWith": "rest",
      "CacheControl": "no-cache",
      "BaseHeaderStringValue": "d2Vic3ZjO1d1YnY2Y0AxMjM="
    },
    "Get": [
      {
        "MethodName": "GetContactLists",
        "MethodUrl": "/contactlists?searchBy=organizationName&searchOperator=like&searchValue={0}",
        "Payload": ""
      },
      {
        "MethodName": "GetUserContact",
        "MethodUrl": "/contactlist/{0}/contactattribute",
        "Payload": ""
      },
      {
        "MethodName": "SearchCampaignsPageWise",
        "MethodUrl": "/campaigns/search?searchBy=Name&searchOperator=like&searchValue={0}&pageSize=99&pageNumber={1}",
        "Payload": ""
      },
      {
        "MethodName": "GetCampaignLinks",
        "MethodUrl": "/CampaignLinking/config",
        "Payload": ""
      },
      {
        "MethodName": "GetDNCList",
        "MethodUrl": "/dnclists",
        "Payload": ""
      },
      {
        "MethodName": "GetJobStatus",
        "MethodUrl": "/campaigns/job/{0}/status",
        "Payload": ""
      },
      {
        "MethodName": "GetJobDetails",
        "MethodUrl": "/campaigns/joblist/",
        "Payload": ""
      },
      {
        "MethodName": "GetJobsListPageWise",
        "MethodUrl": "/campaigns/jobs?pageNumber={0}&limit=30",
        "Payload": ""
      },
      {
        "MethodName": "GetContactFromList",
        "MethodUrl": "/contactlists/{0}/contacts/{1}",
        "Payload": ""
      },
      {
        "MethodName": "Mark",
        "MethodUrl": "/contactlist/markuncallable",
        "Payload": ""
      },
      {
        // isRawList is true
        "MethodName": "GetContactBatchFromContactList",
        "MethodUrl": "/contactlists/{0}/contacts/list?pageSize={1}&pageNumber={2}",
        "Payload": ""
      },
      {
        // isRawList is false
        "MethodName": "GetContactBatchFromContactList_flase",
        "MethodUrl": "/contactlists/{0}/contacts/list?searchBy={1}&searchOperator={2}&searchValue={3}&sortBy=userContactId&sortDirection=DESC&pageSize={4}&pageNumber={5}",
        "Payload": ""
      }
    ],
    "Post": [
      {
        "MethodName": "MarkUncallable",
        "MethodUrl": "/contactlists/{0}/contacts/markuncallable/",
        "Payload": ""
      },
      {
        "MethodName": "ManualUpload",
        "MethodUrl": "/datasources/schedule/runonce",
        "Payload": ""
      },
      {
        "MethodName": "DeleteContact",
        "MethodUrl": "/contactlists/{0}/contacts/{1}/delete",
        "Payload": ""
      },
      {
        "MethodName": "SaveCampaignLinks",
        "MethodUrl": "/CampaignLinking/config/save",
        "Payload": ""
      },
      {
        "MethodName": "RunCampaign",
        "MethodUrl": "/campaigns/{0}/job/start",
        "Payload": ""
      },
      {
        "MethodName": "StopJob",
        "MethodUrl": "/campaigns/job/{0}/stop",
        "Payload": ""
      },
      {
        "MethodName": "PauseJob",
        "MethodUrl": "/campaigns/job/{0}/pause",
        "Payload": ""
      },
      {
        "MethodName": "ResumePausedJob",
        "MethodUrl": "/campaigns/job/{0}/resume",
        "Payload": ""
      },
      {
        "MethodName": "GetContactListID",
        "MethodUrl": "/contactlists/id",
        "Payload": ""
      },
      {
        "MethodName": "GetCampaignId",
        "MethodUrl": "/campaigns/id",
        "Payload": ""
      },
      {
        "MethodName": "SaveContactToList",
        "MethodUrl": "/contactlists/{0}/contacts",
        "Payload": ""
      },
      {
        "MethodName": "AddAddressToDNCList",
        "MethodUrl": "/dnclists/{0}/addresses",
        "Payload": ""
      },
      {
        "MethodName": "SaveContactss",
        "MethodUrl": "/contactlists/{0}/contacts",
        "Payload": ""
      }
    ],
    "Datasource": {
      "pom1": {
        "Append": "datasourceappend",
        "Refresh": "datasourcerefresh"
      },
      "pom2": {
        "Append": "datasourceappend",
        "Refresh": "datasourcerefresh"
      }
    }
  }
}